Industry,Year-Month,Value,percentage change
Private education and health services,2014-01,21228.0,
Private education and health services,2014-02,21251.0,0.10834746561145803
Private education and health services,2014-03,21294.0,0.20234341913321074
Private education and health services,2014-04,21321.0,0.1267962806424272
Private education and health services,2014-05,21364.0,0.2016790957272141
Private education and health services,2014-06,21410.0,0.2153154839917626
Private education and health services,2014-07,21453.0,0.2008407286314906
Private education and health services,2014-08,21491.0,0.1771314035333038
Private education and health services,2014-09,21543.0,0.24196175143083032
Private education and health services,2014-10,21573.0,0.13925637097897958
Private education and health services,2014-11,21626.0,0.245677467204386
Private education and health services,2014-12,21678.0,0.2404513086100124
Private education and health services,2015-01,21741.0,0.2906172156103004
Private education and health services,2015-02,21789.0,0.22078101283289353
Private education and health services,2015-03,21832.0,0.19734728532745383
Private education and health services,2015-04,21906.0,0.3389519970685262
Private education and health services,2015-05,21958.0,0.2373778873367982
Private education and health services,2015-06,21998.0,0.18216595318334416
Private education and health services,2015-07,22053.0,0.2500227293390278
Private education and health services,2015-08,22094.0,0.18591574842425906
Private education and health services,2015-09,22131.0,0.16746628043813327
Private education and health services,2015-10,22215.0,0.3795580859427883
Private education and health services,2015-11,22260.0,0.2025658338960179
Private education and health services,2015-12,22323.0,0.2830188679245227
Private education and health services,2016-01,22335.0,0.05375621556242827
Private education and health services,2016-02,22403.0,0.30445489142600923
Private education and health services,2016-03,22450.0,0.20979333125028532
Private education and health services,2016-04,22505.0,0.24498886414254795
Private education and health services,2016-05,22565.0,0.2666074205732061
Private education and health services,2016-06,22618.0,0.2348770219366303
Private education and health services,2016-07,22666.0,0.212220355469106
Private education and health services,2016-08,22719.0,0.23383040677666944
Private education and health services,2016-09,22775.0,0.24648972225889132
Private education and health services,2016-10,22835.0,0.2634467618002123
Private education and health services,2016-11,22870.0,0.15327348368732174
Private education and health services,2016-12,22929.0,0.25797988631395263
Private education and health services,2017-01,22946.0,0.07414191635046752
Private education and health services,2017-02,23016.0,0.3050640634533197
Private education and health services,2017-03,23051.0,0.15206812652068802
Private education and health services,2017-04,23103.0,0.22558674244066435
Private education and health services,2017-05,23147.0,0.19045145652079043
Private education and health services,2017-06,23167.0,0.08640428565256375
Private education and health services,2017-07,23232.0,0.2805715025683053
Private education and health services,2017-08,23255.0,0.09900137741047921
Private education and health services,2017-09,23287.0,0.13760481616855724
Private education and health services,2017-10,23309.0,0.09447331128955572
Private education and health services,2017-11,23352.0,0.18447809858852526
Private education and health services,2017-12,23384.0,0.13703323055840322
Private education and health services,2018-01,23440.0,0.23947998631543843
Private education and health services,2018-02,23495.0,0.23464163822526363
Private education and health services,2018-03,23524.0,0.1234305171313066
Private education and health services,2018-04,23545.0,0.08927053222240744
Private education and health services,2018-05,23591.0,0.1953705669993644
Private education and health services,2018-06,23616.0,0.10597261667584235
Private education and health services,2018-07,23641.0,0.10586043360434338
Private education and health services,2018-08,23689.0,0.20303709656952496
Private education and health services,2018-09,23711.0,0.09287010848917365
Private education and health services,2018-10,23755.0,0.185567879886972
Private education and health services,2018-11,23770.0,0.06314460113661102
Private education and health services,2018-12,23856.0,0.36180058897770095
Private education and health services,2019-01,23903.0,0.19701542588865806
Private education and health services,2019-02,23929.0,0.10877295736937409
Private education and health services,2019-03,23990.0,0.2549208073885145
Private education and health services,2019-04,24062.0,0.30012505210503804
Private education and health services,2019-05,24098.0,0.14961349846229766
Private education and health services,2019-06,24139.0,0.17013860071375397
Private education and health services,2019-07,24175.0,0.14913625253738516
Private education and health services,2019-08,24227.0,0.21509824198551186
Private education and health services,2019-09,24281.0,0.22289181491723653
Private education and health services,2019-10,24325.0,0.1812116469667613
Private education and health services,2019-11,24391.0,0.27132579650566147
Private education and health services,2019-12,24435.0,0.18039440777335436
Private education and health services,2020-01,24515.0,0.3273992224268385
Private education and health services,2020-02,24577.0,0.25290638384662945
Private education and health services,2020-03,24355.0,-0.9032835577979403
Private education and health services,2020-04,21751.0,-10.691849722849522
Private education and health services,2020-05,22159.0,1.8757758263987956
Private education and health services,2020-06,22713.0,2.500112820975686
Private education and health services,2020-07,22904.0,0.8409281028485927
Private education and health services,2020-08,23098.0,0.8470136220747548
Private education and health services,2020-09,23185.0,0.3766559875313824
Private education and health services,2020-10,23282.0,0.41837394867370037
Private education and health services,2020-11,23347.0,0.27918563697277854
Private education and health services,2020-12,23345.0,-0.008566411102073346
Private education and health services,2021-01,23356.0,0.0471192974941026
Private education and health services,2021-02,23427.0,0.3039904093166568
Private education and health services,2021-03,23538.0,0.47381226789602326
Private education and health services,2021-04,23575.0,0.15719262469198192
Private education and health services,2021-05,23622.0,0.19936373276776553
Private education and health services,2021-06,23640.0,0.07620015240030753
Private education and health services,2021-07,23688.0,0.20304568527917954
Private education and health services,2021-08,23703.0,0.0633232016210794
Private education and health services,2021-09,23696.0,-0.029532126735010156
Private education and health services,2021-10,23802.0,0.4473328831870349
Private education and health services,2021-11,23849.0,0.1974623981177981
Private education and health services,2021-12,23888.0,0.16352886913497677
Private education and health services,2022-01,23883.0,-0.020931011386471354
Private education and health services,2022-02,23996.0,0.4731398902985351
Private education and health services,2022-03,24053.0,0.2375395899316457
Private education and health services,2022-04,24107.0,0.22450421984783198
Private education and health services,2022-05,24179.0,0.29866843655370623
Private education and health services,2022-06,24265.0,0.35568054923693637
Private education and health services,2022-07,24400.0,0.5563568926437279
Private education and health services,2022-08,24469.0,0.28278688524590034
Private education and health services,2022-09,24542.0,0.2983366708896984
Private education and health services,2022-10,24637.0,0.38709151658382623
Private education and health services,2022-11,24726.0,0.36124528148719914
Private education and health services,2022-12,24773.0,0.19008331311169968
Private education and health services,2023-01,24906.0,0.5368748233964382
Private education and health services,2023-02,24968.0,0.24893599935758015
Private education and health services,2023-03,25030.0,0.24831784684395952
Private education and health services,2023-04,25109.0,0.31562125449460243
Private education and health services,2023-05,25200.0,0.3624198494563746
Private education and health services,2023-06,25277.0,0.3055555555555589
Private education and health services,2023-07,25386.0,0.43122205957986104
Private education and health services,2023-08,25479.0,0.3663436539825149
Private education and health services,2023-09,25560.0,0.31790886612503844
Private education and health services,2023-10,25637.0,0.30125195618153633
Private education and health services,2023-11,25747.0,0.42906736357608555
Private education and health services,2023-12,25831.0,0.3262516021284023
Financial activities,2014-01,7913.0,
Financial activities,2014-02,7932.0,0.2401112094022384
Financial activities,2014-03,7932.0,0.0
Financial activities,2014-04,7944.0,0.1512859304084735
Financial activities,2014-05,7951.0,0.08811681772407098
Financial activities,2014-06,7965.0,0.1760784806942528
Financial activities,2014-07,7980.0,0.18832391713747842
Financial activities,2014-08,7994.0,0.17543859649122862
Financial activities,2014-09,8009.0,0.18764073054791108
Financial activities,2014-10,8018.0,0.11237357972280204
Financial activities,2014-11,8036.0,0.22449488650535532
Financial activities,2014-12,8042.0,0.07466401194624606
Financial activities,2015-01,8059.0,0.2113902014424296
Financial activities,2015-02,8070.0,0.1364933614592445
Financial activities,2015-03,8081.0,0.13630731102849403
Financial activities,2015-04,8086.0,0.06187353050364219
Financial activities,2015-05,8097.0,0.13603759584466246
Financial activities,2015-06,8115.0,0.22230455724341347
Financial activities,2015-07,8134.0,0.2341343191620382
Financial activities,2015-08,8145.0,0.13523481681829708
Financial activities,2015-09,8152.0,0.08594229588705371
Financial activities,2015-10,8167.0,0.18400392541708666
Financial activities,2015-11,8182.0,0.18366597281742614
Financial activities,2015-12,8189.0,0.08555365436324625
Financial activities,2016-01,8207.0,0.21980705824886648
Financial activities,2016-02,8210.0,0.03655416108201415
Financial activities,2016-03,8226.0,0.19488428745433328
Financial activities,2016-04,8249.0,0.2796012642839685
Financial activities,2016-05,8265.0,0.19396290459450238
Financial activities,2016-06,8281.0,0.19358741681789748
Financial activities,2016-07,8304.0,0.2777442337881908
Financial activities,2016-08,8320.0,0.19267822736031004
Financial activities,2016-09,8327.0,0.08413461538461231
Financial activities,2016-10,8333.0,0.07205476161882274
Financial activities,2016-11,8344.0,0.1320052802112004
Financial activities,2016-12,8370.0,0.31160115052732973
Financial activities,2017-01,8397.0,0.3225806451612856
Financial activities,2017-02,8400.0,0.035727045373357136
Financial activities,2017-03,8407.0,0.08333333333332416
Financial activities,2017-04,8424.0,0.202212442012617
Financial activities,2017-05,8436.0,0.14245014245013454
Financial activities,2017-06,8452.0,0.1896633475580778
Financial activities,2017-07,8465.0,0.15380974917178492
Financial activities,2017-08,8476.0,0.12994683992912925
Financial activities,2017-09,8479.0,0.035394053798953884
Financial activities,2017-10,8482.0,0.03538153084090556
Financial activities,2017-11,8490.0,0.09431737797689355
Financial activities,2017-12,8496.0,0.07067137809186885
Financial activities,2018-01,8503.0,0.08239171374764265
Financial activities,2018-02,8527.0,0.2822533223568069
Financial activities,2018-03,8538.0,0.12900199366716603
Financial activities,2018-04,8546.0,0.09369875849145615
Financial activities,2018-05,8572.0,0.3042358998361916
Financial activities,2018-06,8590.0,0.20998600093327102
Financial activities,2018-07,8600.0,0.11641443538998875
Financial activities,2018-08,8612.0,0.13953488372093759
Financial activities,2018-09,8629.0,0.19739897816999363
Financial activities,2018-10,8643.0,0.16224359717231795
Financial activities,2018-11,8651.0,0.09256045354621989
Financial activities,2018-12,8661.0,0.11559357299735229
Financial activities,2019-01,8671.0,0.11546010853249467
Financial activities,2019-02,8683.0,0.13839234229038322
Financial activities,2019-03,8705.0,0.2533686513877642
Financial activities,2019-04,8723.0,0.20677771395749556
Financial activities,2019-05,8736.0,0.14903129657228842
Financial activities,2019-06,8749.0,0.14880952380953438
Financial activities,2019-07,8770.0,0.2400274317064799
Financial activities,2019-08,8787.0,0.19384264538198082
Financial activities,2019-09,8785.0,-0.02276089677932802
Financial activities,2019-10,8801.0,0.18212862834376953
Financial activities,2019-11,8814.0,0.1477104874446189
Financial activities,2019-12,8823.0,0.10211027910143056
Financial activities,2020-01,8838.0,0.1700102006120474
Financial activities,2020-02,8873.0,0.3960171984611849
Financial activities,2020-03,8853.0,-0.22540290769751392
Financial activities,2020-04,8589.0,-2.982039986445273
Financial activities,2020-05,8607.0,0.20957038071951484
Financial activities,2020-06,8622.0,0.17427675148136146
Financial activities,2020-07,8623.0,0.011598237067955708
Financial activities,2020-08,8646.0,0.2667285167575084
Financial activities,2020-09,8676.0,0.346981263011803
Financial activities,2020-10,8696.0,0.2305209774089434
Financial activities,2020-11,8706.0,0.11499540018400367
Financial activities,2020-12,8722.0,0.18378130025269446
Financial activities,2021-01,8733.0,0.12611786287548554
Financial activities,2021-02,8726.0,-0.08015573113477892
Financial activities,2021-03,8736.0,0.1146000458400076
Financial activities,2021-04,8752.0,0.1831501831501825
Financial activities,2021-05,8762.0,0.11425959780622108
Financial activities,2021-06,8768.0,0.06847751654872614
Financial activities,2021-07,8803.0,0.3991788321167977
Financial activities,2021-08,8821.0,0.20447574690445336
Financial activities,2021-09,8848.0,0.3060877451536159
Financial activities,2021-10,8880.0,0.3616636528029016
Financial activities,2021-11,8910.0,0.33783783783782884
Financial activities,2021-12,8938.0,0.3142536475869706
Financial activities,2022-01,8935.0,-0.033564555829046494
Financial activities,2022-02,8983.0,0.537213206491316
Financial activities,2022-03,9002.0,0.21151063119224656
Financial activities,2022-04,9038.0,0.399911130859798
Financial activities,2022-05,9051.0,0.1438371321088816
Financial activities,2022-06,9058.0,0.07733952049497894
Financial activities,2022-07,9073.0,0.16559947008170095
Financial activities,2022-08,9089.0,0.1763474043866342
Financial activities,2022-09,9095.0,0.06601386291120726
Financial activities,2022-10,9123.0,0.3078614623419407
Financial activities,2022-11,9134.0,0.12057437246519864
Financial activities,2022-12,9145.0,0.12042916575432105
Financial activities,2023-01,9145.0,0.0
Financial activities,2023-02,9146.0,0.010934937124118527
Financial activities,2023-03,9150.0,0.04373496610539096
Financial activities,2023-04,9179.0,0.3169398907103771
Financial activities,2023-05,9192.0,0.1416276282819373
Financial activities,2023-06,9201.0,0.0979112271540572
Financial activities,2023-07,9219.0,0.19563090968373054
Financial activities,2023-08,9223.0,0.04338865386701585
Financial activities,2023-09,9223.0,0.0
Financial activities,2023-10,9223.0,0.0
Financial activities,2023-11,9227.0,0.043369836278861484
Financial activities,2023-12,9233.0,0.06502655250895106
Leisure and hospitality,2014-01,14489.0,
Leisure and hospitality,2014-02,14509.0,0.13803575125956868
Leisure and hospitality,2014-03,14564.0,0.37907505686125553
Leisure and hospitality,2014-04,14614.0,0.3433122768470298
Leisure and hospitality,2014-05,14670.0,0.3831941973450048
Leisure and hospitality,2014-06,14693.0,0.15678254942057546
Leisure and hospitality,2014-07,14703.0,0.06805962022731205
Leisure and hospitality,2014-08,14725.0,0.14962932734816636
Leisure and hospitality,2014-09,14768.0,0.29202037351443444
Leisure and hospitality,2014-10,14811.0,0.29117009750811995
Leisure and hospitality,2014-11,14849.0,0.25656606576194285
Leisure and hospitality,2014-12,14892.0,0.2895817900195219
Leisure and hospitality,2015-01,14915.0,0.15444533977975183
Leisure and hospitality,2015-02,14972.0,0.3821656050955413
Leisure and hospitality,2015-03,14981.0,0.06011220945765228
Leisure and hospitality,2015-04,15023.0,0.2803551164808793
Leisure and hospitality,2015-05,15103.0,0.5325168075617448
Leisure and hospitality,2015-06,15108.0,0.03310600542938413
Leisure and hospitality,2015-07,15168.0,0.3971405877680745
Leisure and hospitality,2015-08,15201.0,0.21756329113924444
Leisure and hospitality,2015-09,15279.0,0.5131241365699646
Leisure and hospitality,2015-10,15316.0,0.24216244518620034
Leisure and hospitality,2015-11,15374.0,0.378688952729167
Leisure and hospitality,2015-12,15406.0,0.2081436190971786
Leisure and hospitality,2016-01,15454.0,0.3115669219784456
Leisure and hospitality,2016-02,15494.0,0.2588326646822736
Leisure and hospitality,2016-03,15535.0,0.26461856202399936
Leisure and hospitality,2016-04,15562.0,0.17380109430318313
Leisure and hospitality,2016-05,15583.0,0.13494409458938428
Leisure and hospitality,2016-06,15639.0,0.35936597574279805
Leisure and hospitality,2016-07,15679.0,0.25577082933692097
Leisure and hospitality,2016-08,15725.0,0.29338605778430615
Leisure and hospitality,2016-09,15785.0,0.3815580286168574
Leisure and hospitality,2016-10,15780.0,-0.03167564143173873
Leisure and hospitality,2016-11,15826.0,0.2915082382763057
Leisure and hospitality,2016-12,15845.0,0.1200556047011192
Leisure and hospitality,2017-01,15874.0,0.18302303565793654
Leisure and hospitality,2017-02,15917.0,0.27088320524126797
Leisure and hospitality,2017-03,15941.0,0.15078218257209564
Leisure and hospitality,2017-04,16006.0,0.40775359136817624
Leisure and hospitality,2017-05,16046.0,0.24990628514307556
Leisure and hospitality,2017-06,16087.0,0.25551539324442096
Leisure and hospitality,2017-07,16122.0,0.21756697954871118
Leisure and hospitality,2017-08,16150.0,0.17367572261506314
Leisure and hospitality,2017-09,16140.0,-0.06191950464395912
Leisure and hospitality,2017-10,16133.0,-0.04337050805451881
Leisure and hospitality,2017-11,16160.0,0.16735882972789273
Leisure and hospitality,2017-12,16183.0,0.14232673267327023
Leisure and hospitality,2018-01,16209.0,0.16066242353085514
Leisure and hospitality,2018-02,16231.0,0.1357270652106779
Leisure and hospitality,2018-03,16239.0,0.04928839874314139
Leisure and hospitality,2018-04,16226.0,-0.08005419052897755
Leisure and hospitality,2018-05,16261.0,0.2157031924072461
Leisure and hospitality,2018-06,16310.0,0.3013344812742069
Leisure and hospitality,2018-07,16329.0,0.11649294911098007
Leisure and hospitality,2018-08,16343.0,0.0857370322738582
Leisure and hospitality,2018-09,16325.0,-0.11013889738725746
Leisure and hospitality,2018-10,16356.0,0.1898928024502311
Leisure and hospitality,2018-11,16361.0,0.030569821472248293
Leisure and hospitality,2018-12,16412.0,0.3117168877208032
Leisure and hospitality,2019-01,16488.0,0.46307579819644396
Leisure and hospitality,2019-02,16494.0,0.03639010189229186
Leisure and hospitality,2019-03,16504.0,0.06062810719049683
Leisure and hospitality,2019-04,16527.0,0.1393601551139101
Leisure and hospitality,2019-05,16507.0,-0.12101409814243569
Leisure and hospitality,2019-06,16512.0,0.03029017992366434
Leisure and hospitality,2019-07,16522.0,0.0605620155038844
Leisure and hospitality,2019-08,16602.0,0.48420288100714526
Leisure and hospitality,2019-09,16673.0,0.4276593181544497
Leisure and hospitality,2019-10,16722.0,0.2938883224374633
Leisure and hospitality,2019-11,16761.0,0.23322569070685084
Leisure and hospitality,2019-12,16805.0,0.26251416979894415
Leisure and hospitality,2020-01,16814.0,0.053555489437662196
Leisure and hospitality,2020-02,16899.0,0.5055311050315314
Leisure and hospitality,2020-03,16164.0,-4.349369785194391
Leisure and hospitality,2020-04,8715.0,-46.083890126206384
Leisure and hospitality,2020-05,9936.0,14.010327022375213
Leisure and hospitality,2020-06,11764.0,18.397745571658607
Leisure and hospitality,2020-07,12402.0,5.4233253995239705
Leisure and hospitality,2020-08,12566.0,1.3223673601032049
Leisure and hospitality,2020-09,13075.0,4.050612764602901
Leisure and hospitality,2020-10,13337.0,2.0038240917781946
Leisure and hospitality,2020-11,13260.0,-0.5773412311614323
Leisure and hospitality,2020-12,12796.0,-3.4992458521870273
Leisure and hospitality,2021-01,12792.0,-0.03125976867771607
Leisure and hospitality,2021-02,13139.0,2.712632895559719
Leisure and hospitality,2021-03,13298.0,1.21013775782024
Leisure and hospitality,2021-04,13552.0,1.9100616634080358
Leisure and hospitality,2021-05,13762.0,1.5495867768595017
Leisure and hospitality,2021-06,14064.0,2.194448481325395
Leisure and hospitality,2021-07,14486.0,3.00056882821389
Leisure and hospitality,2021-08,14606.0,0.8283860278889943
Leisure and hospitality,2021-09,14738.0,0.9037381897850194
Leisure and hospitality,2021-10,14957.0,1.48595467498982
Leisure and hospitality,2021-11,15086.0,0.8624724209400192
Leisure and hospitality,2021-12,15254.0,1.1136152724380288
Leisure and hospitality,2022-01,15328.0,0.48511865740132887
Leisure and hospitality,2022-02,15444.0,0.756784968684765
Leisure and hospitality,2022-03,15523.0,0.5115255115255124
Leisure and hospitality,2022-04,15611.0,0.5669007279520688
Leisure and hospitality,2022-05,15670.0,0.3779386330151846
Leisure and hospitality,2022-06,15760.0,0.574345883854499
Leisure and hospitality,2022-07,15910.0,0.9517766497461944
Leisure and hospitality,2022-08,15973.0,0.39597737272156763
Leisure and hospitality,2022-09,16055.0,0.5133663056407611
Leisure and hospitality,2022-10,16150.0,0.591715976331364
Leisure and hospitality,2022-11,16205.0,0.3405572755417863
Leisure and hospitality,2022-12,16255.0,0.3085467448318502
Leisure and hospitality,2023-01,16345.0,0.553675792063979
Leisure and hospitality,2023-02,16412.0,0.40991128785561326
Leisure and hospitality,2023-03,16447.0,0.21325859127467872
Leisure and hospitality,2023-04,16489.0,0.25536572019213555
Leisure and hospitality,2023-05,16528.0,0.23652131724178904
Leisure and hospitality,2023-06,16588.0,0.3630203291384415
Leisure and hospitality,2023-07,16629.0,0.24716662647696896
Leisure and hospitality,2023-08,16681.0,0.31270671718082177
Leisure and hospitality,2023-09,16708.0,0.16186079971225453
Leisure and hospitality,2023-10,16765.0,0.3411539382331741
Leisure and hospitality,2023-11,16775.0,0.059648076349527734
Leisure and hospitality,2023-12,16816.0,0.24441132637853524
Manufacturing,2014-01,12081.0,
Manufacturing,2014-02,12106.0,0.20693651187815298
Manufacturing,2014-03,12120.0,0.1156451346439713
Manufacturing,2014-04,12134.0,0.11551155115512302
Manufacturing,2014-05,12146.0,0.09889566507335079
Manufacturing,2014-06,12170.0,0.19759591635106766
Manufacturing,2014-07,12189.0,0.1561216105176566
Manufacturing,2014-08,12208.0,0.15587825088194673
Manufacturing,2014-09,12226.0,0.14744429882045385
Manufacturing,2014-10,12259.0,0.26991657124162405
Manufacturing,2014-11,12284.0,0.20393180520434928
Manufacturing,2014-12,12292.0,0.06512536633018762
Manufacturing,2015-01,12292.0,0.0
Manufacturing,2015-02,12301.0,0.0732183534005948
Manufacturing,2015-03,12312.0,0.08942362409560811
Manufacturing,2015-04,12318.0,0.04873294346978696
Manufacturing,2015-05,12333.0,0.1217730150998575
Manufacturing,2015-06,12334.0,0.008108327252087655
Manufacturing,2015-07,12349.0,0.12161504783525512
Manufacturing,2015-08,12345.0,-0.03239128674387137
Manufacturing,2015-09,12354.0,0.07290400972053135
Manufacturing,2015-10,12362.0,0.06475635421725467
Manufacturing,2015-11,12357.0,-0.04044652968775431
Manufacturing,2015-12,12362.0,0.04046289552479543
Manufacturing,2016-01,12383.0,0.1698754246885592
Manufacturing,2016-02,12365.0,-0.1453605749818343
Manufacturing,2016-03,12342.0,-0.18600889607763849
Manufacturing,2016-04,12353.0,0.08912655971480277
Manufacturing,2016-05,12332.0,-0.1699991904800413
Manufacturing,2016-06,12350.0,0.14596172559195875
Manufacturing,2016-07,12372.0,0.17813765182186359
Manufacturing,2016-08,12348.0,-0.19398642095053154
Manufacturing,2016-09,12347.0,-0.00809847748622916
Manufacturing,2016-10,12345.0,-0.01619826678544989
Manufacturing,2016-11,12342.0,-0.02430133657350675
Manufacturing,2016-12,12355.0,0.10533138875383763
Manufacturing,2017-01,12366.0,0.08903278025091943
Manufacturing,2017-02,12380.0,0.11321365033154507
Manufacturing,2017-03,12393.0,0.10500807754443287
Manufacturing,2017-04,12400.0,0.05648349874929348
Manufacturing,2017-05,12409.0,0.07258064516129092
Manufacturing,2017-06,12422.0,0.1047626722540107
Manufacturing,2017-07,12423.0,0.00805023345678002
Manufacturing,2017-08,12467.0,0.3541817596393715
Manufacturing,2017-09,12477.0,0.0802117590438689
Manufacturing,2017-10,12490.0,0.10419171275146688
Manufacturing,2017-11,12505.0,0.12009607686149781
Manufacturing,2017-12,12533.0,0.2239104358256805
Manufacturing,2018-01,12561.0,0.22341019707969867
Manufacturing,2018-02,12584.0,0.18310644057002445
Manufacturing,2018-03,12610.0,0.20661157024792765
Manufacturing,2018-04,12631.0,0.16653449643140306
Manufacturing,2018-05,12657.0,0.20584276779351818
Manufacturing,2018-06,12691.0,0.2686260567275056
Manufacturing,2018-07,12711.0,0.15759199432667792
Manufacturing,2018-08,12725.0,0.11014082290929927
Manufacturing,2018-09,12744.0,0.14931237721020896
Manufacturing,2018-10,12767.0,0.18047708725674738
Manufacturing,2018-11,12777.0,0.07832693663349932
Manufacturing,2018-12,12796.0,0.14870470376457945
Manufacturing,2019-01,12828.0,0.25007814942168416
Manufacturing,2019-02,12818.0,-0.0779544745868388
Manufacturing,2019-03,12825.0,0.05461070369792154
Manufacturing,2019-04,12822.0,-0.023391812865491968
Manufacturing,2019-05,12818.0,-0.03119638121977797
Manufacturing,2019-06,12824.0,0.046809174598227976
Manufacturing,2019-07,12827.0,0.023393636930757467
Manufacturing,2019-08,12826.0,-0.007796055196074292
Manufacturing,2019-09,12825.0,-0.00779666302822557
Manufacturing,2019-10,12771.0,-0.42105263157894424
Manufacturing,2019-11,12816.0,0.35236081747709314
Manufacturing,2019-12,12798.0,-0.1404494382022503
Manufacturing,2020-01,12785.0,-0.10157837162056982
Manufacturing,2020-02,12780.0,-0.03910833007431114
Manufacturing,2020-03,12721.0,-0.46165884194052653
Manufacturing,2020-04,11419.0,-10.235044414747263
Manufacturing,2020-05,11652.0,2.04045888431561
Manufacturing,2020-06,11982.0,2.8321318228630377
Manufacturing,2020-07,12019.0,0.30879652812552116
Manufacturing,2020-08,12047.0,0.2329644729178737
Manufacturing,2020-09,12102.0,0.45654519797460047
Manufacturing,2020-10,12124.0,0.18178813419269524
Manufacturing,2020-11,12154.0,0.24744308808974935
Manufacturing,2020-12,12194.0,0.32910975810431786
Manufacturing,2021-01,12188.0,-0.04920452681647092
Manufacturing,2021-02,12217.0,0.2379389563505141
Manufacturing,2021-03,12272.0,0.45019235491527976
Manufacturing,2021-04,12232.0,-0.32594524119947677
Manufacturing,2021-05,12264.0,0.2616088947024142
Manufacturing,2021-06,12285.0,0.1712328767123239
Manufacturing,2021-07,12353.0,0.553520553520559
Manufacturing,2021-08,12401.0,0.3885695782400944
Manufacturing,2021-09,12439.0,0.30642690105635584
Manufacturing,2021-10,12497.0,0.4662754240694511
Manufacturing,2021-11,12534.0,0.29607105705369285
Manufacturing,2021-12,12575.0,0.3271102600925557
Manufacturing,2022-01,12602.0,0.21471172962226337
Manufacturing,2022-02,12649.0,0.3729566735438894
Manufacturing,2022-03,12717.0,0.5375919044983801
Manufacturing,2022-04,12768.0,0.4010379806558051
Manufacturing,2022-05,12787.0,0.14880952380953438
Manufacturing,2022-06,12817.0,0.23461327911160623
Manufacturing,2022-07,12852.0,0.2730748225013624
Manufacturing,2022-08,12882.0,0.23342670401493848
Manufacturing,2022-09,12899.0,0.13196708585623274
Manufacturing,2022-10,12930.0,0.24032870765176018
Manufacturing,2022-11,12935.0,0.03866976024748947
Manufacturing,2022-12,12934.0,-0.00773096250483718
Manufacturing,2023-01,12942.0,0.06185248183083747
Manufacturing,2023-02,12940.0,-0.015453562046052749
Manufacturing,2023-03,12932.0,-0.061823802163829544
Manufacturing,2023-04,12941.0,0.0695948035879912
Manufacturing,2023-05,12936.0,-0.03863689050305208
Manufacturing,2023-06,12945.0,0.06957328385899242
Manufacturing,2023-07,12939.0,-0.04634994206257348
Manufacturing,2023-08,12941.0,0.015457145065300715
Manufacturing,2023-09,12954.0,0.10045591530793985
Manufacturing,2023-10,12923.0,-0.23930832175389494
Manufacturing,2023-11,12948.0,0.1934535324614961
Manufacturing,2023-12,12960.0,0.0926784059314123
Mining and logging,2014-01,871.0,
Mining and logging,2014-02,875.0,0.4592422502870175
Mining and logging,2014-03,879.0,0.45714285714286707
Mining and logging,2014-04,885.0,0.6825938566553003
Mining and logging,2014-05,886.0,0.1129943502824915
Mining and logging,2014-06,891.0,0.5643340857787837
Mining and logging,2014-07,897.0,0.6734006734006703
Mining and logging,2014-08,898.0,0.11148272017837968
Mining and logging,2014-09,903.0,0.556792873051215
Mining and logging,2014-10,901.0,-0.22148394241418012
Mining and logging,2014-11,900.0,-0.11098779134295356
Mining and logging,2014-12,896.0,-0.4444444444444473
Mining and logging,2015-01,887.0,-1.0044642857142905
Mining and logging,2015-02,875.0,-1.3528748590755368
Mining and logging,2015-03,859.0,-1.8285714285714239
Mining and logging,2015-04,843.0,-1.8626309662398088
Mining and logging,2015-05,821.0,-2.60972716488731
Mining and logging,2015-06,817.0,-0.487210718635811
Mining and logging,2015-07,806.0,-1.346389228886169
Mining and logging,2015-08,794.0,-1.488833746898266
Mining and logging,2015-09,779.0,-1.8891687657430767
Mining and logging,2015-10,771.0,-1.0269576379974277
Mining and logging,2015-11,756.0,-1.945525291828798
Mining and logging,2015-12,746.0,-1.3227513227513255
Mining and logging,2016-01,732.0,-1.8766756032171594
Mining and logging,2016-02,711.0,-2.868852459016391
Mining and logging,2016-03,691.0,-2.812939521800284
Mining and logging,2016-04,677.0,-2.026049204052094
Mining and logging,2016-05,666.0,-1.6248153618906969
Mining and logging,2016-06,657.0,-1.3513513513513487
Mining and logging,2016-07,651.0,-0.91324200913242
Mining and logging,2016-08,647.0,-0.6144393241167445
Mining and logging,2016-09,645.0,-0.3091190108191699
Mining and logging,2016-10,644.0,-0.15503875968991832
Mining and logging,2016-11,647.0,0.46583850931676274
Mining and logging,2016-12,648.0,0.15455950540959051
Mining and logging,2017-01,648.0,0.0
Mining and logging,2017-02,655.0,1.0802469135802406
Mining and logging,2017-03,659.0,0.6106870229007688
Mining and logging,2017-04,669.0,1.5174506828528056
Mining and logging,2017-05,675.0,0.8968609865470878
Mining and logging,2017-06,679.0,0.592592592592589
Mining and logging,2017-07,681.0,0.2945508100147265
Mining and logging,2017-08,685.0,0.5873715124816492
Mining and logging,2017-09,687.0,0.29197080291971655
Mining and logging,2017-10,688.0,0.14556040756914523
Mining and logging,2017-11,693.0,0.7267441860465018
Mining and logging,2017-12,693.0,0.0
Mining and logging,2018-01,700.0,1.0101010101010166
Mining and logging,2018-02,706.0,0.8571428571428674
Mining and logging,2018-03,714.0,1.1331444759206777
Mining and logging,2018-04,722.0,1.1204481792717047
Mining and logging,2018-05,726.0,0.5540166204986097
Mining and logging,2018-06,730.0,0.5509641873278293
Mining and logging,2018-07,730.0,0.0
Mining and logging,2018-08,739.0,1.2328767123287676
Mining and logging,2018-09,739.0,0.0
Mining and logging,2018-10,742.0,0.4059539918809252
Mining and logging,2018-11,737.0,-0.6738544474393482
Mining and logging,2018-12,743.0,0.8141112618724522
Mining and logging,2019-01,747.0,0.5383580080753791
Mining and logging,2019-02,742.0,-0.669344042838016
Mining and logging,2019-03,740.0,-0.26954177897574594
Mining and logging,2019-04,738.0,-0.2702702702702675
Mining and logging,2019-05,734.0,-0.5420054200542035
Mining and logging,2019-06,732.0,-0.27247956403270157
Mining and logging,2019-07,726.0,-0.8196721311475419
Mining and logging,2019-08,721.0,-0.688705234159781
Mining and logging,2019-09,718.0,-0.4160887656033285
Mining and logging,2019-10,720.0,0.278551532033422
Mining and logging,2019-11,708.0,-1.6666666666666718
Mining and logging,2019-12,696.0,-1.6949152542372836
Mining and logging,2020-01,689.0,-1.0057471264367845
Mining and logging,2020-02,684.0,-0.7256894049346929
Mining and logging,2020-03,676.0,-1.1695906432748537
Mining and logging,2020-04,618.0,-8.579881656804734
Mining and logging,2020-05,594.0,-3.8834951456310662
Mining and logging,2020-06,578.0,-2.6936026936026924
Mining and logging,2020-07,569.0,-1.557093425605538
Mining and logging,2020-08,561.0,-1.405975395430581
Mining and logging,2020-09,560.0,-0.17825311942959443
Mining and logging,2020-10,556.0,-0.7142857142857117
Mining and logging,2020-11,555.0,-0.17985611510791255
Mining and logging,2020-12,558.0,0.540540540540535
Mining and logging,2021-01,549.0,-1.6129032258064502
Mining and logging,2021-02,539.0,-1.821493624772308
Mining and logging,2021-03,554.0,2.782931354359919
Mining and logging,2021-04,555.0,0.18050541516245744
Mining and logging,2021-05,555.0,0.0
Mining and logging,2021-06,559.0,0.7207207207207134
Mining and logging,2021-07,562.0,0.5366726296958779
Mining and logging,2021-08,565.0,0.5338078291814874
Mining and logging,2021-09,566.0,0.1769911504424737
Mining and logging,2021-10,570.0,0.7067137809187329
Mining and logging,2021-11,573.0,0.5263157894736858
Mining and logging,2021-12,580.0,1.221640488656206
Mining and logging,2022-01,575.0,-0.8620689655172376
Mining and logging,2022-02,582.0,1.2173913043478368
Mining and logging,2022-03,590.0,1.3745704467353903
Mining and logging,2022-04,597.0,1.186440677966094
Mining and logging,2022-05,599.0,0.3350083752093891
Mining and logging,2022-06,608.0,1.5025041736226985
Mining and logging,2022-07,614.0,0.9868421052631637
Mining and logging,2022-08,611.0,-0.48859934853420217
Mining and logging,2022-09,615.0,0.654664484451728
Mining and logging,2022-10,618.0,0.4878048780487809
Mining and logging,2022-11,625.0,1.132686084142387
Mining and logging,2022-12,630.0,0.8000000000000007
Mining and logging,2023-01,631.0,0.15873015873015817
Mining and logging,2023-02,633.0,0.31695721077653616
Mining and logging,2023-03,635.0,0.3159557661927437
Mining and logging,2023-04,639.0,0.6299212598425141
Mining and logging,2023-05,642.0,0.46948356807512415
Mining and logging,2023-06,642.0,0.0
Mining and logging,2023-07,644.0,0.31152647975076775
Mining and logging,2023-08,644.0,0.0
Mining and logging,2023-09,645.0,0.15527950310558758
Mining and logging,2023-10,644.0,-0.15503875968991832
Mining and logging,2023-11,640.0,-0.6211180124223614
Mining and logging,2023-12,643.0,0.46874999999999556
Professional and business services,2014-01,18885.0,
Professional and business services,2014-02,18948.0,0.3335980937251737
Professional and business services,2014-03,18994.0,0.2427696854549355
Professional and business services,2014-04,19053.0,0.3106244077077047
Professional and business services,2014-05,19093.0,0.2099406917545732
Professional and business services,2014-06,19155.0,0.3247263394961397
Professional and business services,2014-07,19192.0,0.1931610545549356
Professional and business services,2014-08,19249.0,0.29699874947894944
Professional and business services,2014-09,19304.0,0.2857291287859054
Professional and business services,2014-10,19334.0,0.15540820555324242
Professional and business services,2014-11,19388.0,0.2793007137684933
Professional and business services,2014-12,19468.0,0.412626366824842
Professional and business services,2015-01,19493.0,0.12841586192726684
Professional and business services,2015-02,19537.0,0.22572205407069834
Professional and business services,2015-03,19565.0,0.14331780723755294
Professional and business services,2015-04,19609.0,0.22489138768209127
Professional and business services,2015-05,19691.0,0.4181753276556677
Professional and business services,2015-06,19742.0,0.2590015743233032
Professional and business services,2015-07,19775.0,0.16715631648263063
Professional and business services,2015-08,19808.0,0.16687737041718442
Professional and business services,2015-09,19828.0,0.10096930533118886
Professional and business services,2015-10,19902.0,0.3732096025822029
Professional and business services,2015-11,19937.0,0.17586172243995168
Professional and business services,2015-12,20006.0,0.34609018407985026
Professional and business services,2016-01,20017.0,0.054983504948524775
Professional and business services,2016-02,20029.0,0.059949043313189954
Professional and business services,2016-03,20053.0,0.11982625193469598
Professional and business services,2016-04,20084.0,0.15459033561062707
Professional and business services,2016-05,20091.0,0.03485361481776472
Professional and business services,2016-06,20134.0,0.21402618087700276
Professional and business services,2016-07,20178.0,0.21853581007251766
Professional and business services,2016-08,20182.0,0.019823570225008247
Professional and business services,2016-09,20251.0,0.3418888118124963
Professional and business services,2016-10,20273.0,0.10863661053774898
Professional and business services,2016-11,20309.0,0.17757608642037237
Professional and business services,2016-12,20341.0,0.15756561130533253
Professional and business services,2017-01,20382.0,0.20156334496828077
Professional and business services,2017-02,20400.0,0.08831321754489974
Professional and business services,2017-03,20431.0,0.1519607843137205
Professional and business services,2017-04,20464.0,0.16151925994811744
Professional and business services,2017-05,20525.0,0.2980844409695038
Professional and business services,2017-06,20559.0,0.1656516443361733
Professional and business services,2017-07,20599.0,0.1945619923148012
Professional and business services,2017-08,20640.0,0.1990387882906841
Professional and business services,2017-09,20636.0,-0.019379844961242565
Professional and business services,2017-10,20677.0,0.1986819150998187
Professional and business services,2017-11,20691.0,0.06770808144314078
Professional and business services,2017-12,20728.0,0.17882170992218338
Professional and business services,2018-01,20787.0,0.2846391354689226
Professional and business services,2018-02,20825.0,0.18280656179343602
Professional and business services,2018-03,20872.0,0.22569027611043513
Professional and business services,2018-04,20920.0,0.2299731697968488
Professional and business services,2018-05,20980.0,0.2868068833651982
Professional and business services,2018-06,21029.0,0.2335557673975197
Professional and business services,2018-07,21041.0,0.0570640544010681
Professional and business services,2018-08,21080.0,0.18535240720498614
Professional and business services,2018-09,21111.0,0.14705882352941124
Professional and business services,2018-10,21134.0,0.10894794183127221
Professional and business services,2018-11,21138.0,0.018926847733502505
Professional and business services,2018-12,21157.0,0.08988551423976254
Professional and business services,2019-01,21161.0,0.018906272155794213
Professional and business services,2019-02,21191.0,0.14177023770143293
Professional and business services,2019-03,21220.0,0.1368505497616912
Professional and business services,2019-04,21278.0,0.27332704995286505
Professional and business services,2019-05,21325.0,0.22088542156217805
Professional and business services,2019-06,21367.0,0.1969519343493653
Professional and business services,2019-07,21389.0,0.1029625122852984
Professional and business services,2019-08,21419.0,0.140259011641497
Professional and business services,2019-09,21426.0,0.03268126429805118
Professional and business services,2019-10,21435.0,0.04200504060487553
Professional and business services,2019-11,21443.0,0.03732213669231932
Professional and business services,2019-12,21421.0,-0.10259758429324028
Professional and business services,2020-01,21434.0,0.060688109798801015
Professional and business services,2020-02,21437.0,0.013996454231590683
Professional and business services,2020-03,21357.0,-0.37318654662499284
Professional and business services,2020-04,19180.0,-10.19337921992789
Professional and business services,2020-05,19361.0,0.9436913451511986
Professional and business services,2020-06,19729.0,1.9007282681679616
Professional and business services,2020-07,19910.0,0.917431192660545
Professional and business services,2020-08,20089.0,0.8990457056755385
Professional and business services,2020-09,20237.0,0.7367215889292567
Professional and business services,2020-10,20424.0,0.9240500074121583
Professional and business services,2020-11,20559.0,0.6609870740305501
Professional and business services,2020-12,20716.0,0.7636558198355958
Professional and business services,2021-01,20871.0,0.7482139409152433
Professional and business services,2021-02,20937.0,0.3162282593071719
Professional and business services,2021-03,21075.0,0.6591202177962385
Professional and business services,2021-04,21057.0,-0.0854092526690442
Professional and business services,2021-05,21121.0,0.3039369330863906
Professional and business services,2021-06,21221.0,0.47346243075612193
Professional and business services,2021-07,21376.0,0.7304085575609021
Professional and business services,2021-08,21476.0,0.46781437125749115
Professional and business services,2021-09,21569.0,0.4330415347364447
Professional and business services,2021-10,21830.0,1.2100700078816917
Professional and business services,2021-11,21971.0,0.6459001374255591
Professional and business services,2021-12,22090.0,0.5416230485640217
Professional and business services,2022-01,22176.0,0.38931643277502204
Professional and business services,2022-02,22303.0,0.5726911976911886
Professional and business services,2022-03,22450.0,0.6591041563915212
Professional and business services,2022-04,22425.0,-0.11135857461024301
Professional and business services,2022-05,22454.0,0.12931995540690355
Professional and business services,2022-06,22522.0,0.30284136456755206
Professional and business services,2022-07,22614.0,0.40848947695586446
Professional and business services,2022-08,22637.0,0.10170690722561826
Professional and business services,2022-09,22678.0,0.18111940628176004
Professional and business services,2022-10,22726.0,0.21165887644412074
Professional and business services,2022-11,22726.0,0.0
Professional and business services,2022-12,22733.0,0.030801724896600824
Professional and business services,2023-01,22771.0,0.16715787621519596
Professional and business services,2023-02,22779.0,0.03513240525230277
Professional and business services,2023-03,22797.0,0.0790201501382759
Professional and business services,2023-04,22827.0,0.13159626266614488
Professional and business services,2023-05,22876.0,0.2146580803434439
Professional and business services,2023-06,22883.0,0.03059975520196545
Professional and business services,2023-07,22866.0,-0.07429095835336241
Professional and business services,2023-08,22865.0,-0.004373305344174128
Professional and business services,2023-09,22864.0,-0.004373496610543537
Professional and business services,2023-10,22859.0,-0.021868439468164524
Professional and business services,2023-11,22869.0,0.043746445601300366
Professional and business services,2023-12,22882.0,0.05684551139095717
Retail trade,2014-01,15214.6,
Retail trade,2014-02,15189.5,-0.16497311792620373
Retail trade,2014-03,15217.7,0.18565456400803093
Retail trade,2014-04,15258.9,0.2707373650420175
Retail trade,2014-05,15264.3,0.03538918270649116
Retail trade,2014-06,15305.6,0.27056596109877873
Retail trade,2014-07,15328.9,0.15223186284758494
Retail trade,2014-08,15336.7,0.050884277410645495
Retail trade,2014-09,15367.0,0.1975653171803593
Retail trade,2014-10,15404.7,0.24533090388494383
Retail trade,2014-11,15429.8,0.16293728537393193
Retail trade,2014-12,15444.8,0.09721448106909669
Retail trade,2015-01,15461.9,0.11071687558272814
Retail trade,2015-02,15479.2,0.11188793097873795
Retail trade,2015-03,15510.3,0.20091477595740592
Retail trade,2015-04,15523.8,0.08703893541710528
Retail trade,2015-05,15557.5,0.21708602275216649
Retail trade,2015-06,15567.2,0.06234934918849522
Retail trade,2015-07,15581.7,0.09314456035767193
Retail trade,2015-08,15588.1,0.04107382378046864
Retail trade,2015-09,15578.0,-0.06479301518466096
Retail trade,2015-10,15619.2,0.2644755424316303
Retail trade,2015-11,15625.5,0.04033497234172678
Retail trade,2015-12,15631.8,0.04031870980127916
Retail trade,2016-01,15664.8,0.21110812574367532
Retail trade,2016-02,15716.5,0.3300393238343302
Retail trade,2016-03,15770.9,0.34613304488912977
Retail trade,2016-04,15768.1,-0.01775421821201828
Retail trade,2016-05,15772.9,0.03044120724753352
Retail trade,2016-06,15789.5,0.10524380424652424
Retail trade,2016-07,15804.4,0.09436650938914326
Retail trade,2016-08,15821.5,0.10819771709145165
Retail trade,2016-09,15826.4,0.030970514805805927
Retail trade,2016-10,15829.6,0.02021938027600978
Retail trade,2016-11,15786.4,-0.27290645373225786
Retail trade,2016-12,15820.5,0.2160087163634472
Retail trade,2017-01,15873.6,0.33564046648335566
Retail trade,2017-02,15854.5,-0.12032557201895333
Retail trade,2017-03,15824.9,-0.18669778296382944
Retail trade,2017-04,15805.0,-0.1257511895809693
Retail trade,2017-05,15784.8,-0.12780765580513442
Retail trade,2017-06,15776.3,-0.05384927271805395
Retail trade,2017-07,15768.0,-0.0526105614117367
Retail trade,2017-08,15761.9,-0.038685946220196055
Retail trade,2017-09,15750.3,-0.07359518839733514
Retail trade,2017-10,15747.9,-0.015237804994183701
Retail trade,2017-11,15783.4,0.22542688231446117
Retail trade,2017-12,15743.9,-0.25026293447546477
Retail trade,2018-01,15706.0,-0.2407281550314666
Retail trade,2018-02,15753.1,0.2998853941168944
Retail trade,2018-03,15771.5,0.11680240714526668
Retail trade,2018-04,15772.2,0.00443838569572641
Retail trade,2018-05,15788.4,0.10271236732986022
Retail trade,2018-06,15741.9,-0.29452002736185534
Retail trade,2018-07,15725.4,-0.10481581003564111
Retail trade,2018-08,15727.6,0.013990105180150536
Retail trade,2018-09,15686.7,-0.2600523919733422
Retail trade,2018-10,15642.5,-0.2817673570604473
Retail trade,2018-11,15686.6,0.28192424484576595
Retail trade,2018-12,15631.8,-0.34934275113791546
Retail trade,2019-01,15616.3,-0.0991568469402071
Retail trade,2019-02,15583.5,-0.21003694857295585
Retail trade,2019-03,15573.1,-0.06673725414700904
Retail trade,2019-04,15573.4,0.001926398726004308
Retail trade,2019-05,15560.0,-0.08604415220825334
Retail trade,2019-06,15537.8,-0.1426735218509001
Retail trade,2019-07,15535.8,-0.012871835137540089
Retail trade,2019-08,15520.6,-0.09783854066092168
Retail trade,2019-09,15529.4,0.05669883896239902
Retail trade,2019-10,15531.1,0.010946977990133888
Retail trade,2019-11,15508.9,-0.1429390062519742
Retail trade,2019-12,15545.1,0.23341436207597877
Retail trade,2020-01,15515.7,-0.18912712044309998
Retail trade,2020-02,15510.3,-0.03480345714341748
Retail trade,2020-03,15425.4,-0.5473781938453826
Retail trade,2020-04,13241.4,-14.158465906880856
Retail trade,2020-05,13631.0,2.942287069343119
Retail trade,2020-06,14450.8,6.0142322646907775
Retail trade,2020-07,14678.4,1.5749993079967828
Retail trade,2020-08,14951.8,1.8626008284281736
Retail trade,2020-09,15001.5,0.33240144999264754
Retail trade,2020-10,15098.4,0.6459354064593414
Retail trade,2020-11,15142.6,0.29274625125841336
Retail trade,2020-12,15118.6,-0.15849325743266807
Retail trade,2021-01,15164.5,0.3035995396399205
Retail trade,2021-02,15198.0,0.22091067954763677
Retail trade,2021-03,15230.9,0.21647585208579567
Retail trade,2021-04,15187.7,-0.2836339283955547
Retail trade,2021-05,15205.0,0.1139079649979946
Retail trade,2021-06,15268.9,0.42025649457415604
Retail trade,2021-07,15241.6,-0.1787948051267585
Retail trade,2021-08,15233.9,-0.05051963048499086
Retail trade,2021-09,15303.9,0.4595015065085084
Retail trade,2021-10,15346.5,0.2783604179326771
Retail trade,2021-11,15381.3,0.2267618023653606
Retail trade,2021-12,15373.9,-0.04811036778425981
Retail trade,2022-01,15394.7,0.13529423243290317
Retail trade,2022-02,15554.1,1.0354212813500796
Retail trade,2022-03,15543.3,-0.06943506856713633
Retail trade,2022-04,15492.7,-0.3255421950293602
Retail trade,2022-05,15436.4,-0.3633969546947946
Retail trade,2022-06,15492.2,0.3614832473892937
Retail trade,2022-07,15511.6,0.12522430642516458
Retail trade,2022-08,15536.3,0.15923566878979223
Retail trade,2022-09,15519.2,-0.110064815947164
Retail trade,2022-10,15509.8,-0.06057013248106369
Retail trade,2022-11,15487.6,-0.14313530799880958
Retail trade,2022-12,15484.7,-0.018724657145063883
Retail trade,2023-01,15518.3,0.2169883820803742
Retail trade,2023-02,15606.8,0.5702944265802312
Retail trade,2023-03,15579.6,-0.17428300484403358
Retail trade,2023-04,15586.0,0.04107936018895586
Retail trade,2023-05,15599.3,0.08533299114590331
Retail trade,2023-06,15593.8,-0.03525799234580518
Retail trade,2023-07,15599.4,0.0359117084995253
Retail trade,2023-08,15593.8,-0.035898816621149354
Retail trade,2023-09,15612.0,0.11671305262348497
Retail trade,2023-10,15613.3,0.008326928004098733
Retail trade,2023-11,15570.4,-0.2747657445895446
Retail trade,2023-12,15602.7,0.20744489544264333
"Trade, transportation, and utilities",2014-01,26028.0,
"Trade, transportation, and utilities",2014-02,26004.0,-0.09220839096357736
"Trade, transportation, and utilities",2014-03,26055.0,0.19612367328103453
"Trade, transportation, and utilities",2014-04,26124.0,0.2648244099021202
"Trade, transportation, and utilities",2014-05,26164.0,0.15311590874291792
"Trade, transportation, and utilities",2014-06,26237.0,0.27900932579116855
"Trade, transportation, and utilities",2014-07,26292.0,0.20962762510958743
"Trade, transportation, and utilities",2014-08,26314.0,0.08367564278106698
"Trade, transportation, and utilities",2014-09,26364.0,0.19001292087861277
"Trade, transportation, and utilities",2014-10,26424.0,0.2275830678197588
"Trade, transportation, and utilities",2014-11,26475.0,0.19300635785648446
"Trade, transportation, and utilities",2014-12,26528.0,0.20018885741266423
"Trade, transportation, and utilities",2015-01,26556.0,0.10554885404101544
"Trade, transportation, and utilities",2015-02,26601.0,0.16945323090826747
"Trade, transportation, and utilities",2015-03,26647.0,0.1729258298560188
"Trade, transportation, and utilities",2015-04,26664.0,0.06379705032462102
"Trade, transportation, and utilities",2015-05,26728.0,0.2400240024002409
"Trade, transportation, and utilities",2015-06,26762.0,0.12720742292726683
"Trade, transportation, and utilities",2015-07,26802.0,0.14946566026454722
"Trade, transportation, and utilities",2015-08,26821.0,0.07089023207222933
"Trade, transportation, and utilities",2015-09,26809.0,-0.0447410611088328
"Trade, transportation, and utilities",2015-10,26852.0,0.16039389757172007
"Trade, transportation, and utilities",2015-11,26876.0,0.08937881722030916
"Trade, transportation, and utilities",2015-12,26910.0,0.12650692067270874
"Trade, transportation, and utilities",2016-01,26914.0,0.014864362690447663
"Trade, transportation, and utilities",2016-02,26980.0,0.24522553317976037
"Trade, transportation, and utilities",2016-03,27055.0,0.27798369162341796
"Trade, transportation, and utilities",2016-04,27073.0,0.06653114026982099
"Trade, transportation, and utilities",2016-05,27090.0,0.06279318878588125
"Trade, transportation, and utilities",2016-06,27109.0,0.07013658176449056
"Trade, transportation, and utilities",2016-07,27152.0,0.1586189088494505
"Trade, transportation, and utilities",2016-08,27198.0,0.16941661756040283
"Trade, transportation, and utilities",2016-09,27209.0,0.04044415030517445
"Trade, transportation, and utilities",2016-10,27231.0,0.08085559925024022
"Trade, transportation, and utilities",2016-11,27209.0,-0.08079027578862252
"Trade, transportation, and utilities",2016-12,27272.0,0.2315410342166091
"Trade, transportation, and utilities",2017-01,27317.0,0.16500440011733009
"Trade, transportation, and utilities",2017-02,27317.0,0.0
"Trade, transportation, and utilities",2017-03,27302.0,-0.05491086136837353
"Trade, transportation, and utilities",2017-04,27299.0,-0.010988205992235045
"Trade, transportation, and utilities",2017-05,27307.0,0.029305102751009393
"Trade, transportation, and utilities",2017-06,27320.0,0.04760684073681354
"Trade, transportation, and utilities",2017-07,27324.0,0.014641288433381305
"Trade, transportation, and utilities",2017-08,27332.0,0.02927829014784944
"Trade, transportation, and utilities",2017-09,27351.0,0.06951558612615649
"Trade, transportation, and utilities",2017-10,27371.0,0.07312346897736521
"Trade, transportation, and utilities",2017-11,27419.0,0.175368090314576
"Trade, transportation, and utilities",2017-12,27406.0,-0.04741237827783351
"Trade, transportation, and utilities",2018-01,27374.0,-0.11676275268189817
"Trade, transportation, and utilities",2018-02,27450.0,0.27763571272010346
"Trade, transportation, and utilities",2018-03,27520.0,0.2550091074681182
"Trade, transportation, and utilities",2018-04,27518.0,-0.007267441860470125
"Trade, transportation, and utilities",2018-05,27569.0,0.18533323642706545
"Trade, transportation, and utilities",2018-06,27546.0,-0.08342703761471393
"Trade, transportation, and utilities",2018-07,27547.0,0.0036302911493590884
"Trade, transportation, and utilities",2018-08,27602.0,0.19965876501979452
"Trade, transportation, and utilities",2018-09,27577.0,-0.09057314687341833
"Trade, transportation, and utilities",2018-10,27569.0,-0.029009681981362334
"Trade, transportation, and utilities",2018-11,27640.0,0.2575356378541116
"Trade, transportation, and utilities",2018-12,27575.0,-0.2351664254703345
"Trade, transportation, and utilities",2019-01,27635.0,0.21758839528558394
"Trade, transportation, and utilities",2019-02,27591.0,-0.15921838248598164
"Trade, transportation, and utilities",2019-03,27592.0,0.003624370265664645
"Trade, transportation, and utilities",2019-04,27628.0,0.13047260075385037
"Trade, transportation, and utilities",2019-05,27638.0,0.03619516432604719
"Trade, transportation, and utilities",2019-06,27646.0,0.028945654533618637
"Trade, transportation, and utilities",2019-07,27662.0,0.05787455689791887
"Trade, transportation, and utilities",2019-08,27652.0,-0.036150676017643324
"Trade, transportation, and utilities",2019-09,27676.0,0.0867929986981153
"Trade, transportation, and utilities",2019-10,27689.0,0.046972105795628494
"Trade, transportation, and utilities",2019-11,27687.0,-0.007223084979590677
"Trade, transportation, and utilities",2019-12,27753.0,0.23837902264600697
"Trade, transportation, and utilities",2020-01,27775.0,0.07927070947284509
"Trade, transportation, and utilities",2020-02,27729.0,-0.16561656165616778
"Trade, transportation, and utilities",2020-03,27647.0,-0.29571928306105777
"Trade, transportation, and utilities",2020-04,24553.0,-11.191087640611997
"Trade, transportation, and utilities",2020-05,24980.0,1.73909501893863
"Trade, transportation, and utilities",2020-06,25967.0,3.9511609287429916
"Trade, transportation, and utilities",2020-07,26233.0,1.0243770940039365
"Trade, transportation, and utilities",2020-08,26624.0,1.4904890786413993
"Trade, transportation, and utilities",2020-09,26767.0,0.537109375
"Trade, transportation, and utilities",2020-10,26958.0,0.7135652108940072
"Trade, transportation, and utilities",2020-11,27134.0,0.6528674233993614
"Trade, transportation, and utilities",2020-12,27130.0,-0.01474165253925186
"Trade, transportation, and utilities",2021-01,27213.0,0.305934389974194
"Trade, transportation, and utilities",2021-02,27294.0,0.2976518575680709
"Trade, transportation, and utilities",2021-03,27422.0,0.46896753865317553
"Trade, transportation, and utilities",2021-04,27388.0,-0.12398803880095954
"Trade, transportation, and utilities",2021-05,27453.0,0.23733021761356277
"Trade, transportation, and utilities",2021-06,27599.0,0.5318180162459551
"Trade, transportation, and utilities",2021-07,27650.0,0.1847893039602866
"Trade, transportation, and utilities",2021-08,27713.0,0.22784810126581512
"Trade, transportation, and utilities",2021-09,27845.0,0.47631075668459477
"Trade, transportation, and utilities",2021-10,27976.0,0.47046148321063797
"Trade, transportation, and utilities",2021-11,28125.0,0.5325993708893417
"Trade, transportation, and utilities",2021-12,28192.0,0.23822222222222855
"Trade, transportation, and utilities",2022-01,28283.0,0.32278660612938825
"Trade, transportation, and utilities",2022-02,28554.0,0.9581727539511364
"Trade, transportation, and utilities",2022-03,28600.0,0.16109826994465948
"Trade, transportation, and utilities",2022-04,28606.0,0.02097902097901727
"Trade, transportation, and utilities",2022-05,28602.0,-0.013983080472623755
"Trade, transportation, and utilities",2022-06,28686.0,0.2936857562408246
"Trade, transportation, and utilities",2022-07,28728.0,0.14641288433381305
"Trade, transportation, and utilities",2022-08,28758.0,0.10442773600667365
"Trade, transportation, and utilities",2022-09,28730.0,-0.09736421169761478
"Trade, transportation, and utilities",2022-10,28739.0,0.03132613992342659
"Trade, transportation, and utilities",2022-11,28714.0,-0.08698980479487917
"Trade, transportation, and utilities",2022-12,28706.0,-0.027860973741034023
"Trade, transportation, and utilities",2023-01,28771.0,0.22643349822337733
"Trade, transportation, and utilities",2023-02,28851.0,0.27805776650098313
"Trade, transportation, and utilities",2023-03,28819.0,-0.11091469966378886
"Trade, transportation, and utilities",2023-04,28834.0,0.05204899545439012
"Trade, transportation, and utilities",2023-05,28875.0,0.1421932440868412
"Trade, transportation, and utilities",2023-06,28860.0,-0.051948051948047524
"Trade, transportation, and utilities",2023-07,28869.0,0.031185031185021472
"Trade, transportation, and utilities",2023-08,28840.0,-0.1004537739443645
"Trade, transportation, and utilities",2023-09,28882.0,0.14563106796117165
"Trade, transportation, and utilities",2023-10,28888.0,0.020774184613259195
"Trade, transportation, and utilities",2023-11,28843.0,-0.15577402381611316
"Trade, transportation, and utilities",2023-12,28867.0,0.083209097527992
Transportation and warehousing,2014-01,4561.9,
Transportation and warehousing,2014-02,4556.8,-0.11179552379489976
Transportation and warehousing,2014-03,4572.6,0.34673455056180025
Transportation and warehousing,2014-04,4586.5,0.30398460394522875
Transportation and warehousing,2014-05,4614.8,0.6170282350376199
Transportation and warehousing,2014-06,4634.0,0.41605270000866224
Transportation and warehousing,2014-07,4661.5,0.5934397928355706
Transportation and warehousing,2014-08,4676.2,0.31534913654402974
Transportation and warehousing,2014-09,4690.1,0.2972499037680265
Transportation and warehousing,2014-10,4710.0,0.42429798938188323
Transportation and warehousing,2014-11,4732.6,0.4798301486199641
Transportation and warehousing,2014-12,4760.5,0.589527955035285
Transportation and warehousing,2015-01,4769.8,0.19535763050100297
Transportation and warehousing,2015-02,4786.0,0.33963688204956544
Transportation and warehousing,2015-03,4799.0,0.2716255745925711
Transportation and warehousing,2015-04,4805.9,0.14377995415710831
Transportation and warehousing,2015-05,4828.1,0.461932208327287
Transportation and warehousing,2015-06,4855.2,0.5612974047761954
Transportation and warehousing,2015-07,4878.6,0.48195748887791545
Transportation and warehousing,2015-08,4889.4,0.2213749846267321
Transportation and warehousing,2015-09,4898.4,0.18407166523499718
Transportation and warehousing,2015-10,4898.8,0.008165931732828646
Transportation and warehousing,2015-11,4914.7,0.3245692822732016
Transportation and warehousing,2015-12,4946.0,0.6368649154577133
Transportation and warehousing,2016-01,4914.5,-0.6368782854832222
Transportation and warehousing,2016-02,4930.3,0.3214976091158839
Transportation and warehousing,2016-03,4948.9,0.37725899032512444
Transportation and warehousing,2016-04,4964.8,0.32128351754936446
Transportation and warehousing,2016-05,4979.9,0.30414115372219275
Transportation and warehousing,2016-06,4984.1,0.0843390429526858
Transportation and warehousing,2016-07,5009.2,0.5036014526193178
Transportation and warehousing,2016-08,5035.8,0.5310229178312031
Transportation and warehousing,2016-09,5030.8,-0.0992890901147736
Transportation and warehousing,2016-10,5047.4,0.3299674008109932
Transportation and warehousing,2016-11,5064.8,0.34473194119746253
Transportation and warehousing,2016-12,5096.9,0.6337861317327276
Transportation and warehousing,2017-01,5081.9,-0.2942965331868441
Transportation and warehousing,2017-02,5098.9,0.3345205533363593
Transportation and warehousing,2017-03,5112.9,0.2745690246916066
Transportation and warehousing,2017-04,5131.5,0.36378571847679453
Transportation and warehousing,2017-05,5161.6,0.5865731267660657
Transportation and warehousing,2017-06,5176.8,0.2944823310601308
Transportation and warehousing,2017-07,5186.3,0.18351104929685835
Transportation and warehousing,2017-08,5198.8,0.24101960935540845
Transportation and warehousing,2017-09,5229.8,0.5962914518734985
Transportation and warehousing,2017-10,5247.3,0.3346208268002693
Transportation and warehousing,2017-11,5257.7,0.1981971680673711
Transportation and warehousing,2017-12,5281.9,0.4602773075679467
Transportation and warehousing,2018-01,5290.3,0.15903368106175986
Transportation and warehousing,2018-02,5314.3,0.45366047294104206
Transportation and warehousing,2018-03,5353.1,0.730105564232364
Transportation and warehousing,2018-04,5373.2,0.37548336477928324
Transportation and warehousing,2018-05,5404.2,0.5769373929874089
Transportation and warehousing,2018-06,5425.5,0.3941378927500905
Transportation and warehousing,2018-07,5433.4,0.14560869965900558
Transportation and warehousing,2018-08,5468.1,0.6386424706445348
Transportation and warehousing,2018-09,5488.6,0.37490170260237043
Transportation and warehousing,2018-10,5516.9,0.5156141821229365
Transportation and warehousing,2018-11,5536.1,0.34802153383242107
Transportation and warehousing,2018-12,5521.6,-0.2619172341540077
Transportation and warehousing,2019-01,5587.6,1.1953057084902907
Transportation and warehousing,2019-02,5571.9,-0.2809793113322523
Transportation and warehousing,2019-03,5584.7,0.22972415154616233
Transportation and warehousing,2019-04,5617.2,0.5819471054846259
Transportation and warehousing,2019-05,5639.1,0.38987395855587526
Transportation and warehousing,2019-06,5675.2,0.6401730772640946
Transportation and warehousing,2019-07,5687.8,0.2220186072737551
Transportation and warehousing,2019-08,5695.8,0.1406519216568869
Transportation and warehousing,2019-09,5710.2,0.2528178657958513
Transportation and warehousing,2019-10,5717.5,0.12784140660573318
Transportation and warehousing,2019-11,5735.9,0.3218189768255275
Transportation and warehousing,2019-12,5760.3,0.4253909586987348
Transportation and warehousing,2020-01,5815.3,0.9548113813516723
Transportation and warehousing,2020-02,5779.3,-0.6190566264853037
Transportation and warehousing,2020-03,5799.3,0.34606267194989826
Transportation and warehousing,2020-04,5284.2,-8.882106461124629
Transportation and warehousing,2020-05,5304.4,0.38227167783202454
Transportation and warehousing,2020-06,5433.7,2.437598974436317
Transportation and warehousing,2020-07,5491.7,1.067412628595621
Transportation and warehousing,2020-08,5591.5,1.8172879072054116
Transportation and warehousing,2020-09,5657.0,1.1714209067334336
Transportation and warehousing,2020-10,5739.7,1.4619056036768496
Transportation and warehousing,2020-11,5859.3,2.083732599264776
Transportation and warehousing,2020-12,5869.9,0.18090898230163077
Transportation and warehousing,2021-01,5893.8,0.40716196187329246
Transportation and warehousing,2021-02,5932.2,0.6515321184973999
Transportation and warehousing,2021-03,6012.9,1.360372205926974
Transportation and warehousing,2021-04,6003.6,-0.15466746495034212
Transportation and warehousing,2021-05,6032.4,0.4797121726963782
Transportation and warehousing,2021-06,6087.4,0.9117432530999281
Transportation and warehousing,2021-07,6139.9,0.8624371652922402
Transportation and warehousing,2021-08,6194.4,0.8876366064593855
Transportation and warehousing,2021-09,6242.1,0.7700503680744042
Transportation and warehousing,2021-10,6309.0,1.0717546979381876
Transportation and warehousing,2021-11,6395.2,1.3663021080995374
Transportation and warehousing,2021-12,6441.6,0.7255441581186073
Transportation and warehousing,2022-01,6486.2,0.6923745653253821
Transportation and warehousing,2022-02,6570.5,1.299682402639446
Transportation and warehousing,2022-03,6589.0,0.2815615249980974
Transportation and warehousing,2022-04,6613.3,0.3687964789801157
Transportation and warehousing,2022-05,6640.4,0.40978029123128756
Transportation and warehousing,2022-06,6651.6,0.16866453828083827
Transportation and warehousing,2022-07,6655.4,0.057129111792630916
Transportation and warehousing,2022-08,6639.3,-0.2419088259157931
Transportation and warehousing,2022-09,6621.8,-0.2635820041269388
Transportation and warehousing,2022-10,6619.2,-0.03926424839167941
Transportation and warehousing,2022-11,6609.0,-0.15409717186366523
Transportation and warehousing,2022-12,6589.4,-0.29656528975640084
Transportation and warehousing,2023-01,6609.4,0.30351777096548904
Transportation and warehousing,2023-02,6588.0,-0.3237812812055485
Transportation and warehousing,2023-03,6571.9,-0.24438372799029384
Transportation and warehousing,2023-04,6579.1,0.10955735784172749
Transportation and warehousing,2023-05,6599.0,0.3024729826268002
Transportation and warehousing,2023-06,6586.9,-0.1833611153205128
Transportation and warehousing,2023-07,6576.2,-0.16244363813022744
Transportation and warehousing,2023-08,6548.7,-0.41817462972537633
Transportation and warehousing,2023-09,6557.9,0.14048589796447075
Transportation and warehousing,2023-10,6549.4,-0.1296146632306039
Transportation and warehousing,2023-11,6538.9,-0.1603200293156637
Transportation and warehousing,2023-12,6520.6,-0.2798635856183673
