Industry,2014-01,2014-02,2014-03,2014-04,2014-05,2014-06,2014-07,2014-08,2014-09,2014-10,2014-11,2014-12,2015-01,2015-02,2015-03,2015-04,2015-05,2015-06,2015-07,2015-08,2015-09,2015-10,2015-11,2015-12,2016-01,2016-02,2016-03,2016-04,2016-05,2016-06,2016-07,2016-08,2016-09,2016-10,2016-11,2016-12,2017-01,2017-02,2017-03,2017-04,2017-05,2017-06,2017-07,2017-08,2017-09,2017-10,2017-11,2017-12,2018-01,2018-02,2018-03,2018-04,2018-05,2018-06,2018-07,2018-08,2018-09,2018-10,2018-11,2018-12,2019-01,2019-02,2019-03,2019-04,2019-05,2019-06,2019-07,2019-08,2019-09,2019-10,2019-11,2019-12,2020-01,2020-02,2020-03,2020-04,2020-05,2020-06,2020-07,2020-08,2020-09,2020-10,2020-11,2020-12,2021-01,2021-02,2021-03,2021-04,2021-05,2021-06,2021-07,2021-08,2021-09,2021-10,2021-11,2021-12,2022-01,2022-02,2022-03,2022-04,2022-05,2022-06,2022-07,2022-08,2022-09,2022-10,2022-11,2022-12,2023-01,2023-02,2023-03,2023-04,2023-05,2023-06,2023-07,2023-08,2023-09,2023-10,2023-11,2023-12
Accommodation,1877.7,1879.6,1885.8,1889.5,1895.4,1898.3,1893.4,1896.3,1900.2,1900.7,1903.1,1908.3,1916.6,1918.8,1918.3,1914.9,1924.6,1909.9,1919.1,1921.1,1929.4,1932.1,1937.5,1939.4,1943.1,1950.7,1946.7,1948.6,1948.0,1956.7,1966.5,1969.6,1973.4,1967.7,1978.4,1982.9,1986.1,1991.8,1997.5,2005.9,2007.0,2007.3,2005.5,2003.9,2004.6,2006.5,2013.7,2013.5,2016.6,2019.7,2023.3,2023.5,2029.5,2034.7,2041.5,2045.2,2049.7,2043.1,2045.0,2049.5,2065.2,2074.1,2073.2,2072.2,2068.7,2071.7,2076.5,2081.1,2082.2,2092.8,2095.1,2118.2,2119.7,2117.5,2056.3,1196.7,1056.7,1234.5,1242.1,1257.3,1341.9,1352.3,1350.5,1331.8,1311.7,1332.5,1349.8,1389.4,1404.2,1452.7,1529.9,1565.3,1593.5,1619.0,1638.0,1683.8,1690.2,1713.0,1728.5,1754.5,1767.5,1772.0,1786.8,1792.8,1800.3,1819.9,1834.5,1854.5,1872.2,1880.4,1880.1,1874.0,1874.3,1886.9,1891.1,1897.5,1908.7,1911.1,1910.6,1924.2
Administrative and support services,8045.7,8073.7,8094.9,8113.8,8135.2,8165.3,8183.5,8211.6,8250.9,8253.6,8276.0,8320.0,8328.4,8338.6,8332.3,8348.7,8406.7,8425.7,8433.3,8448.5,8453.4,8491.4,8498.2,8558.8,8522.2,8524.8,8537.5,8544.2,8536.5,8561.5,8577.4,8571.6,8608.3,8611.8,8635.2,8641.9,8659.5,8660.1,8683.1,8680.4,8722.4,8732.6,8752.7,8763.5,8748.8,8769.1,8766.8,8778.4,8800.5,8809.6,8829.1,8839.1,8853.8,8876.1,8873.2,8882.8,8894.8,8890.0,8872.9,8871.2,8851.2,8848.5,8840.6,8878.0,8891.4,8898.9,8892.8,8902.4,8899.3,8891.6,8872.1,8840.8,8820.7,8789.6,8741.5,7195.6,7334.0,7622.6,7790.0,7916.1,8000.1,8135.3,8239.5,8325.0,8410.1,8432.1,8516.0,8440.9,8454.3,8519.1,8590.1,8617.5,8643.8,8820.6,8884.6,8950.9,8987.3,9046.8,9121.9,9069.3,9044.9,9047.9,9076.9,9071.9,9084.4,9077.8,9049.4,9026.3,9040.4,9020.6,9014.1,9002.1,9004.8,8990.8,8956.6,8934.7,8920.8,8906.0,8900.0,8881.1
Air transportation,441.4,440.6,442.1,440.2,442.7,443.6,444.2,443.8,444.2,447.3,449.8,448.8,450.0,451.4,451.0,453.5,454.1,456.1,459.3,460.8,464.0,465.2,466.3,468.0,469.5,470.4,471.5,473.8,477.2,478.3,479.4,481.1,481.0,481.5,482.3,484.2,485.7,485.8,488.8,489.1,490.1,490.2,490.7,492.9,493.9,496.4,498.1,496.6,496.5,497.0,497.1,498.0,496.9,496.5,497.1,497.2,496.9,495.5,496.0,498.2,499.0,501.2,500.0,500.6,502.1,505.2,507.1,506.1,506.4,509.5,511.2,513.1,514.2,516.7,517.3,441.2,394.5,391.2,412.6,425.6,426.8,409.8,417.8,425.2,442.2,439.9,446.4,449.5,453.7,457.1,459.7,464.2,469.9,474.8,476.8,479.3,481.3,483.0,487.7,492.2,498.6,505.0,513.0,515.0,517.1,521.6,526.6,530.3,534.0,536.0,542.5,544.9,546.5,549.6,552.5,555.7,560.0,562.8,566.0,569.9
Ambulatory health care services,6546.2,6557.6,6574.6,6581.1,6599.6,6612.6,6635.8,6653.7,6669.8,6688.7,6715.5,6735.6,6754.4,6770.9,6785.3,6806.1,6832.4,6857.4,6867.4,6884.6,6893.3,6921.5,6930.3,6952.9,6967.7,6988.3,7008.8,7025.7,7052.2,7072.5,7090.5,7112.6,7132.0,7154.2,7166.6,7192.5,7200.8,7220.1,7226.8,7251.2,7261.4,7288.1,7320.0,7328.3,7350.7,7362.8,7377.8,7388.2,7402.9,7421.7,7434.0,7446.0,7465.6,7475.5,7481.2,7494.8,7502.7,7515.9,7530.2,7563.7,7591.0,7608.8,7634.2,7654.4,7674.2,7694.1,7715.6,7735.4,7758.1,7769.6,7800.5,7823.2,7848.0,7868.5,7788.4,6527.9,6936.2,7313.6,7444.6,7534.9,7604.7,7660.5,7698.9,7729.2,7722.2,7753.8,7793.4,7822.5,7846.5,7849.5,7870.2,7873.6,7901.4,7931.6,7951.5,7960.6,7974.7,8020.2,8037.7,8063.3,8076.6,8103.0,8150.9,8166.8,8185.7,8228.9,8259.4,8289.7,8317.7,8335.7,8356.5,8377.0,8404.6,8435.0,8471.8,8505.6,8537.4,8560.5,8604.5,8635.0
"Amusement, gambling, and recreation industries",1497.1,1501.1,1493.9,1499.2,1514.1,1506.9,1513.5,1508.3,1512.8,1526.6,1523.7,1531.0,1529.2,1537.9,1534.4,1545.0,1571.8,1559.5,1564.1,1564.4,1583.2,1573.5,1589.9,1586.2,1584.5,1595.2,1608.7,1614.1,1619.4,1624.9,1630.0,1637.4,1639.1,1643.2,1665.0,1649.6,1646.9,1652.9,1651.2,1664.1,1670.7,1678.6,1682.8,1694.6,1682.9,1690.9,1690.7,1687.5,1697.4,1696.6,1701.8,1686.8,1701.9,1720.3,1721.8,1730.9,1713.5,1707.7,1708.7,1709.0,1737.9,1734.9,1736.7,1736.1,1740.2,1742.7,1747.0,1752.8,1755.3,1761.8,1767.2,1776.4,1784.7,1791.6,1738.5,812.6,819.7,1034.9,1143.3,1161.2,1309.7,1330.2,1353.6,1285.3,1280.3,1316.5,1348.7,1408.7,1438.9,1451.4,1487.1,1509.5,1530.8,1544.7,1564.6,1573.3,1583.4,1597.5,1608.6,1618.3,1625.4,1622.8,1644.8,1660.5,1674.8,1691.9,1704.9,1733.8,1727.1,1737.8,1746.1,1756.2,1765.2,1774.8,1783.2,1787.6,1770.1,1787.0,1797.4,1810.4
Apparel manufacturing,143.5,143.0,142.5,141.4,139.6,139.5,139.2,139.1,139.3,139.0,138.0,137.3,139.2,137.6,137.2,135.6,135.9,136.1,136.3,136.3,136.0,135.6,135.3,135.4,134.2,133.4,132.6,131.9,131.1,130.9,129.6,129.5,130.4,129.0,128.8,127.9,125.6,124.6,122.8,121.2,120.4,119.6,118.7,117.2,115.0,115.7,115.3,115.3,115.4,114.5,115.6,116.6,115.5,114.0,113.7,112.9,112.1,112.3,111.9,111.8,113.1,111.0,111.9,111.3,111.7,111.5,110.8,110.8,109.4,108.5,106.5,105.9,105.0,103.9,103.2,70.6,79.9,86.3,84.3,87.6,89.3,90.4,87.9,92.3,90.7,90.9,90.5,90.8,90.9,91.0,91.2,90.9,91.7,91.7,92.4,93.1,91.9,93.4,93.4,92.0,92.6,93.2,93.4,92.1,91.5,92.2,92.1,90.4,91.2,91.2,91.0,91.5,90.6,90.2,89.3,89.4,89.1,88.6,88.6,87.6
Broadcasting and content providers,347.8,348.0,348.3,349.6,351.1,353.5,355.2,358.6,355.9,354.1,354.7,355.2,355.8,354.9,355.8,356.2,355.5,354.4,355.2,353.9,353.9,353.2,353.9,354.2,353.7,355.5,355.2,354.9,355.6,355.9,354.7,357.7,357.8,358.7,357.3,355.9,358.9,358.8,361.3,358.6,359.1,360.1,359.9,361.3,362.9,365.0,365.3,366.4,366.7,367.0,369.3,370.1,369.3,370.7,371.9,372.6,372.9,372.2,376.0,375.5,376.5,376.5,375.5,377.3,378.3,378.9,379.4,378.7,379.3,380.7,380.8,380.4,379.9,380.1,378.6,365.0,354.9,357.8,358.5,360.7,362.8,363.8,364.2,363.3,366.4,367.1,360.2,358.6,360.0,356.6,358.8,360.0,358.0,354.3,356.3,354.1,353.1,353.5,354.7,355.4,354.7,356.3,355.5,357.1,355.6,354.6,354.4,355.6,353.7,353.4,351.4,350.6,349.6,347.0,347.7,343.0,343.1,344.2,342.3,343.0
Building material and garden equipment and supplies dealers,1233.5,1229.4,1229.0,1233.1,1234.9,1240.6,1243.8,1240.8,1240.5,1238.9,1238.7,1238.0,1239.3,1240.1,1241.1,1242.4,1244.7,1239.3,1241.6,1241.8,1242.7,1245.4,1249.3,1257.7,1259.3,1265.8,1284.4,1277.9,1277.8,1280.0,1277.6,1286.2,1277.7,1276.9,1275.5,1276.9,1277.7,1276.8,1288.3,1273.0,1273.9,1277.0,1282.3,1284.8,1291.1,1298.4,1303.3,1305.5,1311.1,1322.1,1326.7,1320.8,1319.7,1316.1,1312.5,1307.6,1302.7,1298.9,1298.4,1294.9,1293.7,1298.3,1302.6,1302.6,1304.0,1301.6,1302.1,1306.6,1308.3,1307.9,1297.8,1298.1,1297.5,1292.8,1326.2,1283.1,1332.7,1376.1,1388.2,1408.2,1420.4,1418.8,1417.9,1451.5,1417.1,1407.0,1413.0,1406.0,1410.7,1447.9,1416.8,1411.6,1427.7,1407.1,1405.2,1408.0,1414.6,1422.7,1432.3,1382.1,1401.3,1434.4,1432.5,1431.7,1429.4,1430.4,1437.3,1434.0,1427.9,1420.1,1411.6,1405.6,1401.6,1400.1,1400.7,1401.5,1400.3,1396.7,1398.9,1399.6
Chemical manufacturing,796.0,796.4,798.0,798.4,800.1,802.8,803.1,804.7,806.1,808.7,807.8,808.3,805.4,807.0,806.0,807.3,807.6,807.6,808.0,806.7,806.3,805.9,807.2,808.4,810.2,810.0,810.4,810.2,811.6,811.5,812.5,813.4,812.9,813.3,813.5,812.6,813.7,816.8,819.4,821.1,821.8,823.4,825.4,824.8,827.1,831.2,827.8,833.1,833.3,829.4,828.3,831.3,832.6,833.9,833.6,837.4,837.5,839.5,842.4,842.4,844.0,847.0,847.9,848.9,850.0,850.5,851.2,851.4,854.2,854.8,856.0,856.4,853.4,853.7,853.0,833.0,835.4,836.2,839.6,846.4,845.7,847.0,847.5,851.8,857.9,861.9,864.7,869.7,867.6,869.8,871.7,873.0,873.8,878.6,878.6,883.5,888.7,890.1,894.7,895.8,898.2,901.6,904.7,906.5,907.2,909.2,913.4,902.5,900.9,903.1,898.5,902.2,905.1,902.6,898.9,900.4,902.1,900.6,897.2,895.0
"Clothing, clothing accessories, shoe, and jewelry retailers",1424.3,1420.6,1417.2,1423.8,1418.4,1415.5,1413.2,1409.4,1397.0,1396.4,1399.6,1401.3,1393.2,1392.1,1395.6,1390.0,1398.2,1399.6,1398.5,1403.4,1386.8,1417.1,1403.0,1392.1,1401.9,1404.8,1401.7,1401.9,1400.9,1401.8,1409.8,1410.2,1416.7,1415.1,1387.5,1420.4,1443.1,1440.5,1440.1,1439.1,1435.1,1431.4,1421.2,1415.6,1407.8,1408.2,1406.8,1396.5,1407.8,1413.1,1414.9,1409.0,1414.1,1411.1,1412.3,1397.5,1397.9,1384.8,1417.4,1393.8,1381.9,1378.0,1371.0,1364.4,1351.9,1340.4,1331.7,1329.2,1315.3,1299.5,1283.2,1338.1,1315.0,1326.7,1293.2,565.9,642.9,862.6,961.1,970.8,1014.7,1023.9,1032.3,1038.9,1045.0,1042.1,1055.5,1064.1,1084.3,1094.8,1100.5,1095.2,1114.5,1117.6,1122.8,1126.8,1131.9,1134.5,1135.7,1142.9,1141.0,1147.2,1142.3,1143.4,1146.9,1151.4,1150.8,1150.2,1155.1,1156.0,1156.6,1150.1,1146.0,1137.9,1138.4,1139.8,1138.4,1140.6,1132.7,1145.8
Computer and electronic product manufacturing,1051.4,1049.4,1049.9,1047.6,1046.7,1046.0,1047.2,1047.3,1049.1,1050.6,1050.7,1051.5,1053.2,1054.2,1052.6,1054.0,1054.2,1054.1,1054.7,1055.0,1054.1,1053.9,1046.4,1048.6,1054.9,1053.9,1052.3,1051.5,1052.5,1050.7,1046.8,1046.2,1043.7,1042.2,1041.3,1040.2,1037.2,1036.4,1037.2,1037.8,1036.3,1036.6,1035.3,1037.1,1041.2,1043.5,1045.0,1047.2,1046.5,1046.3,1048.8,1050.2,1052.6,1054.5,1056.4,1056.0,1056.0,1058.8,1060.5,1063.9,1069.6,1070.7,1071.3,1070.9,1072.3,1074.2,1076.0,1077.8,1080.0,1079.4,1081.8,1081.4,1081.1,1081.9,1081.2,1064.2,1057.5,1063.5,1057.3,1054.5,1054.2,1054.0,1052.3,1051.4,1049.5,1053.2,1054.8,1055.2,1057.0,1057.2,1058.3,1059.1,1065.5,1068.6,1067.5,1070.4,1072.4,1075.2,1076.1,1079.7,1085.7,1088.1,1092.2,1097.4,1098.4,1102.4,1105.4,1107.1,1107.1,1109.7,1106.2,1108.7,1108.3,1110.6,1112.2,1108.3,1106.6,1104.5,1106.5,1107.9
"Computing infrastructure providers, data processing, web hosting, and related services",275.0,275.0,275.5,276.4,276.5,277.1,279.2,280.7,282.2,284.7,285.3,286.9,291.2,292.3,293.4,292.8,295.9,297.3,297.6,297.9,298.8,298.1,299.3,299.3,295.8,297.4,298.3,300.0,300.0,302.5,303.7,306.5,308.3,309.4,305.7,313.0,314.6,312.0,312.9,314.5,316.4,317.2,319.7,320.6,320.6,321.9,322.7,324.0,325.0,328.2,329.7,330.9,331.8,333.3,331.5,330.4,332.4,333.2,333.2,331.5,330.9,333.9,336.1,336.9,338.0,340.4,345.1,347.9,349.1,351.0,353.0,355.8,361.8,362.1,362.6,360.0,357.7,363.8,362.1,357.3,358.5,363.7,366.4,368.2,367.6,372.1,375.1,387.1,388.0,402.0,402.8,413.0,420.1,425.6,430.8,433.8,441.9,445.8,448.9,456.1,461.7,466.0,469.0,473.6,478.4,479.6,481.3,486.0,485.7,483.2,484.1,487.2,488.0,490.3,493.0,494.5,490.8,489.1,490.7,493.6
Construction of buildings,1322.0,1329.7,1330.8,1342.8,1344.7,1352.8,1366.0,1375.1,1385.1,1383.9,1387.5,1389.1,1399.0,1406.4,1406.6,1404.5,1415.5,1418.7,1427.3,1429.0,1433.1,1439.5,1452.4,1459.1,1464.7,1473.3,1482.0,1489.5,1487.2,1489.1,1497.5,1495.7,1502.3,1510.0,1511.2,1513.7,1520.8,1525.6,1528.0,1529.9,1538.3,1540.1,1542.7,1549.0,1552.0,1559.4,1567.5,1575.8,1578.2,1597.4,1605.0,1615.0,1622.4,1629.1,1634.6,1637.0,1642.7,1642.3,1646.9,1649.9,1651.6,1649.1,1653.9,1649.3,1651.1,1656.5,1662.4,1670.0,1670.1,1673.0,1672.1,1673.9,1677.0,1686.6,1676.0,1452.4,1550.9,1578.7,1586.0,1598.1,1606.1,1621.1,1616.8,1622.4,1626.4,1624.6,1642.0,1642.2,1644.8,1650.8,1661.6,1666.2,1682.6,1683.7,1696.2,1705.0,1712.5,1727.3,1737.2,1746.0,1753.6,1753.2,1758.6,1759.5,1762.7,1769.4,1776.8,1787.5,1800.2,1799.8,1796.2,1792.6,1797.7,1810.6,1807.1,1813.4,1819.5,1828.0,1829.8,1837.1
Couriers and messengers,570.1,558.0,554.1,558.6,565.2,572.6,576.6,578.9,583.6,587.2,591.3,611.5,604.6,604.4,605.5,600.3,601.2,607.1,610.1,611.1,614.2,613.4,619.8,643.0,607.6,621.3,629.9,634.4,638.0,641.6,645.4,649.4,652.4,652.3,657.2,674.4,660.1,664.2,662.7,664.7,673.5,677.6,678.9,683.6,687.5,693.3,693.4,700.6,698.9,695.2,711.9,722.2,731.1,737.1,747.4,758.3,764.5,776.2,785.2,757.7,812.1,783.8,794.2,799.7,806.4,818.1,833.2,844.5,851.2,855.3,862.2,878.0,912.2,853.5,875.4,890.3,932.1,974.3,981.7,990.0,1008.7,1027.3,1065.1,1064.5,1068.2,1072.6,1102.4,1063.8,1065.2,1070.9,1075.5,1086.7,1092.9,1085.5,1111.4,1121.1,1128.5,1131.9,1134.0,1134.8,1128.2,1127.4,1121.9,1119.0,1113.5,1104.8,1094.7,1069.8,1082.7,1077.6,1082.1,1086.4,1093.6,1090.4,1088.5,1091.4,1093.8,1102.0,1086.4,1059.9
Credit intermediation and related activities,2577.8,2575.7,2567.3,2562.1,2558.5,2559.2,2558.9,2559.7,2561.6,2559.6,2561.8,2561.7,2562.6,2561.4,2561.7,2562.0,2571.8,2569.8,2572.5,2576.1,2574.2,2576.5,2579.3,2580.5,2588.6,2589.1,2597.9,2604.3,2606.2,2606.9,2611.0,2615.6,2618.5,2622.2,2624.9,2634.3,2642.3,2638.4,2641.1,2641.5,2644.6,2647.7,2649.5,2654.8,2645.2,2646.7,2643.4,2643.7,2642.1,2646.3,2644.1,2646.4,2651.9,2658.5,2657.7,2655.8,2657.0,2656.3,2651.1,2646.6,2643.6,2642.1,2639.4,2641.8,2645.0,2647.3,2649.7,2653.7,2651.4,2655.1,2660.0,2663.8,2666.3,2668.5,2669.9,2634.5,2648.7,2652.6,2654.4,2661.7,2672.2,2685.5,2696.7,2701.2,2706.1,2710.5,2712.2,2711.2,2702.3,2696.9,2697.8,2697.6,2702.6,2699.5,2696.7,2699.9,2701.7,2706.9,2704.5,2699.0,2696.5,2681.0,2679.6,2674.7,2672.1,2677.5,2665.8,2661.4,2654.7,2643.2,2639.2,2641.5,2639.3,2638.3,2636.8,2630.3,2622.3,2614.6,2607.2,2603.8
"Electrical equipment, appliance, and component manufacturing",376.0,376.0,376.3,376.3,376.0,377.2,377.0,378.6,378.5,378.8,380.1,380.0,380.6,382.0,383.0,382.1,384.5,385.4,384.9,385.1,384.5,384.3,382.3,383.9,385.3,384.5,384.1,383.9,382.4,382.8,381.8,380.1,381.6,380.9,381.6,382.2,382.6,383.6,384.5,383.9,383.9,385.5,386.5,387.7,388.0,389.6,389.8,389.9,391.6,393.2,393.8,395.8,398.7,398.5,400.6,401.8,403.8,404.4,405.6,405.8,405.8,404.8,404.3,404.1,402.8,401.5,403.6,402.8,400.9,401.0,400.2,400.0,399.7,398.2,395.4,379.2,373.0,379.1,378.2,378.1,380.5,381.1,382.2,385.0,383.4,385.6,388.5,390.1,392.0,393.8,395.9,394.5,393.5,395.2,396.9,397.6,396.2,398.8,402.0,404.3,405.2,406.9,407.6,408.9,411.1,411.4,411.5,412.3,414.8,415.9,415.1,414.1,416.1,412.6,414.3,416.8,416.7,417.6,415.1,413.8
Electronics and appliance retailers,515.2,504.0,502.6,499.1,497.9,504.3,507.4,511.1,514.7,516.8,520.2,522.2,525.6,527.4,530.8,533.3,534.6,536.6,536.7,537.8,540.0,542.0,541.7,540.6,541.7,543.7,541.3,541.8,540.2,539.5,539.0,535.6,536.3,525.4,523.7,524.5,527.6,526.7,528.7,527.7,523.8,518.9,516.0,514.8,512.5,508.9,504.4,504.9,506.9,506.5,508.3,509.7,510.1,510.8,511.9,510.7,507.4,499.0,487.1,493.0,493.6,495.6,493.5,493.2,493.7,492.8,486.8,481.5,483.8,485.5,492.4,485.9,481.4,479.0,476.8,436.8,366.6,393.8,414.8,428.1,437.5,449.6,459.0,453.3,432.1,432.8,436.2,437.0,437.0,434.4,436.0,439.6,442.8,452.5,462.2,458.4,452.6,453.5,452.9,451.0,449.6,452.0,449.0,449.7,444.0,434.6,431.1,427.7,429.4,427.6,423.9,422.2,419.4,416.2,413.8,410.6,408.4,404.2,403.5,403.5
Fabricated metal product manufacturing,1443.5,1444.1,1443.3,1447.2,1449.8,1449.8,1451.5,1455.6,1459.9,1466.2,1469.6,1471.7,1470.2,1470.4,1468.8,1467.1,1464.1,1462.4,1459.1,1454.0,1449.9,1445.7,1442.9,1439.1,1444.0,1434.7,1428.3,1427.1,1422.9,1419.0,1416.6,1414.8,1412.7,1413.7,1411.6,1413.7,1413.9,1416.7,1417.9,1416.1,1420.3,1420.4,1423.8,1424.6,1430.2,1433.2,1437.3,1441.3,1446.4,1449.5,1454.3,1458.9,1464.2,1472.2,1474.0,1479.3,1482.1,1482.7,1481.1,1489.3,1493.4,1491.4,1492.1,1492.0,1488.1,1487.3,1487.9,1484.3,1480.1,1479.0,1477.1,1470.5,1467.3,1465.1,1453.8,1345.0,1367.4,1370.1,1355.9,1360.7,1361.6,1360.3,1359.6,1366.3,1360.9,1362.0,1371.4,1372.1,1374.2,1377.6,1385.9,1386.5,1391.1,1394.9,1404.1,1404.9,1407.8,1415.9,1421.5,1423.3,1429.7,1430.7,1436.4,1438.5,1440.1,1445.9,1445.8,1447.6,1450.0,1449.8,1445.9,1450.2,1450.5,1453.9,1452.0,1455.5,1457.2,1457.0,1460.0,1464.3
Food and beverage retailers,3023.9,3029.8,3036.4,3050.7,3049.5,3058.5,3066.8,3054.0,3078.2,3092.0,3102.0,3107.4,3113.8,3114.6,3117.3,3123.0,3125.6,3126.7,3129.8,3128.5,3128.4,3126.1,3121.6,3117.5,3119.4,3140.8,3143.6,3148.0,3150.6,3156.6,3157.4,3160.9,3164.1,3160.9,3161.1,3158.2,3158.8,3159.4,3159.8,3148.8,3146.7,3146.4,3143.1,3143.9,3135.1,3135.9,3148.2,3150.0,3143.3,3142.2,3137.9,3139.8,3143.4,3129.9,3134.4,3134.2,3128.4,3127.1,3128.7,3133.2,3132.2,3131.3,3132.3,3134.7,3134.8,3134.0,3135.7,3131.3,3139.6,3146.1,3141.1,3133.1,3129.0,3123.3,3116.5,3084.1,3148.8,3187.9,3171.0,3182.0,3190.6,3198.1,3202.6,3206.5,3208.2,3213.5,3219.4,3169.8,3167.6,3167.3,3159.9,3152.1,3139.3,3153.8,3163.3,3156.3,3149.5,3164.5,3181.4,3177.4,3174.6,3181.9,3193.8,3211.7,3210.4,3210.4,3216.3,3223.5,3236.2,3238.7,3231.0,3231.5,3234.8,3232.5,3238.4,3239.6,3240.7,3244.4,3247.5,3247.4
Food manufacturing,1486.7,1488.1,1484.8,1484.5,1479.7,1473.7,1476.9,1480.5,1485.5,1489.0,1490.7,1494.4,1498.7,1501.0,1505.2,1504.9,1506.5,1508.9,1512.3,1508.6,1515.6,1522.1,1528.1,1531.9,1540.6,1537.8,1540.5,1544.0,1544.1,1562.0,1570.1,1568.8,1566.9,1567.5,1569.1,1572.2,1577.2,1588.3,1588.4,1593.1,1595.9,1598.3,1601.8,1609.1,1609.5,1603.4,1603.4,1606.6,1608.0,1608.8,1610.1,1607.7,1617.5,1625.4,1627.9,1628.1,1630.1,1629.7,1629.3,1628.3,1630.5,1628.7,1632.9,1634.6,1636.9,1643.3,1645.5,1650.5,1655.0,1659.5,1662.8,1660.5,1654.0,1653.7,1646.7,1553.2,1578.3,1591.5,1596.5,1612.8,1616.8,1622.1,1625.0,1631.1,1630.7,1629.2,1634.8,1630.0,1627.4,1627.7,1633.7,1635.7,1640.5,1648.1,1655.4,1660.4,1665.1,1672.9,1677.0,1684.1,1693.5,1700.8,1706.6,1709.7,1713.5,1712.2,1715.6,1718.9,1724.8,1725.6,1728.2,1728.2,1726.6,1722.3,1717.9,1720.5,1723.4,1728.9,1729.3,1729.0
Food services and drinking places,10532.0,10543.7,10600.5,10638.2,10671.3,10697.5,10709.4,10732.0,10761.7,10788.6,10819.8,10854.8,10874.1,10924.4,10930.1,10965.5,10999.8,11037.7,11084.5,11110.8,11156.6,11201.1,11237.4,11271.3,11318.6,11337.1,11364.1,11379.8,11404.4,11430.1,11442.2,11479.8,11544.1,11539.8,11554.8,11577.3,11600.3,11630.0,11656.4,11685.2,11706.0,11725.1,11762.6,11780.3,11784.9,11769.6,11794.4,11816.4,11827.9,11846.8,11845.1,11844.1,11857.0,11882.3,11894.0,11896.6,11887.7,11903.5,11922.6,11968.1,12002.9,11999.4,12000.4,12026.1,12003.3,11999.0,12006.0,12074.7,12138.9,12182.1,12206.8,12217.9,12218.3,12290.9,11695.2,6312.2,7685.1,9109.9,9630.8,9752.5,10023.5,10230.3,10121.5,9738.0,9743.7,10031.7,10132.7,10288.1,10438.0,10659.3,10946.1,10981.5,11043.0,11205.8,11279.1,11371.1,11437.5,11501.4,11542.6,11582.0,11608.0,11693.1,11793.0,11840.4,11890.0,11958.9,11991.6,11983.2,12052.4,12089.1,12106.1,12123.4,12142.8,12171.8,12201.8,12233.9,12259.9,12285.9,12286.7,12292.2
Furniture and home furnishings retailers,464.4,463.9,465.4,466.6,466.2,467.2,468.7,473.7,477.0,479.1,478.6,478.4,478.5,481.4,482.2,482.7,484.1,485.0,485.0,484.1,484.2,482.2,481.8,480.0,483.1,484.1,486.4,486.0,488.0,490.4,491.6,492.6,491.2,490.0,486.6,487.3,495.8,495.9,493.7,493.6,492.4,491.2,491.1,491.4,492.9,494.4,496.6,497.6,495.0,494.7,495.8,495.3,494.7,494.0,493.5,493.6,493.9,494.9,494.9,494.0,494.3,489.6,491.4,491.3,491.1,490.7,491.0,491.2,490.8,488.4,490.0,492.0,491.5,490.9,479.1,273.8,315.7,390.7,416.4,429.3,437.3,447.1,450.2,453.0,454.2,453.4,458.8,463.4,464.8,465.2,464.9,466.4,467.6,468.1,469.7,468.8,461.6,468.9,466.8,464.9,463.0,459.9,458.9,455.0,451.9,447.9,443.0,442.6,439.7,438.2,437.0,434.4,432.4,431.7,430.0,430.4,430.6,431.4,428.6,426.2
Furniture and related product manufacturing,365.9,365.6,367.0,366.8,367.9,368.8,371.1,371.7,372.7,374.8,376.6,375.5,375.4,375.7,376.3,378.2,378.5,379.7,381.5,382.3,384.6,386.1,386.8,386.5,388.5,390.4,389.3,389.0,387.4,389.3,389.6,391.9,390.4,390.8,391.7,393.6,396.5,394.4,394.2,395.3,394.9,396.1,394.3,395.1,394.5,395.1,394.0,394.0,394.4,394.0,395.0,392.7,393.5,392.6,393.4,391.7,391.7,391.9,391.0,390.5,390.6,390.7,389.2,388.7,386.8,386.7,386.5,387.1,386.5,385.6,386.2,385.1,384.9,384.0,383.6,309.1,334.3,349.6,349.6,355.7,360.3,363.7,366.3,368.2,368.8,369.4,368.2,368.0,367.2,374.8,374.4,374.3,379.6,379.7,380.9,380.0,379.3,383.6,383.2,381.4,381.4,380.4,379.5,377.2,377.8,377.1,374.0,367.6,366.4,364.4,363.6,363.0,356.6,358.5,356.2,355.6,354.0,352.8,352.0,349.7
Gasoline stations and fuel dealers,949.7,949.1,951.0,951.4,954.1,954.8,956.3,957.7,959.8,961.2,966.6,965.1,968.8,971.2,973.5,976.7,977.1,980.4,981.3,984.6,983.3,985.7,987.3,990.5,991.7,993.2,995.0,996.5,996.4,992.7,998.1,996.0,1004.1,1002.3,998.2,1002.7,1002.7,1004.6,1004.4,1001.0,1003.5,1004.3,1002.8,1003.0,1003.5,1000.5,1004.8,1001.0,1002.8,1003.9,1006.1,1006.7,1005.5,1003.6,1002.1,1001.5,1002.9,998.8,1004.4,1007.8,1012.3,1014.3,1012.1,1012.1,1014.0,1016.6,1020.2,1022.2,1023.6,1028.4,1027.7,1029.9,1032.4,1029.4,1022.1,974.9,969.0,978.0,984.4,990.7,997.7,999.5,1002.3,1003.5,1001.2,1001.5,1003.9,992.9,998.5,1003.9,1010.4,1012.9,1009.0,1011.2,1014.7,1015.6,1017.5,1024.8,1024.5,1029.6,1032.0,1032.8,1034.6,1037.8,1038.0,1043.8,1044.1,1047.2,1051.9,1050.9,1045.8,1057.5,1057.1,1059.8,1062.2,1062.2,1066.4,1065.8,1066.9,1071.0
General merchandise retailers,3152.6,3152.2,3151.3,3154.0,3154.7,3159.3,3165.3,3166.6,3161.2,3161.3,3161.8,3167.4,3172.1,3173.1,3184.3,3188.2,3195.8,3198.2,3194.7,3195.1,3196.4,3196.8,3200.2,3199.6,3205.0,3221.7,3240.7,3234.8,3236.9,3237.7,3236.2,3236.9,3237.1,3247.2,3238.3,3230.8,3234.3,3216.8,3183.0,3194.5,3182.1,3187.8,3190.7,3191.8,3189.9,3183.1,3187.7,3160.7,3130.4,3158.7,3159.0,3167.1,3175.8,3152.9,3165.4,3191.9,3163.9,3153.9,3168.4,3125.5,3118.3,3101.6,3094.9,3088.3,3088.4,3082.7,3087.0,3073.9,3085.1,3079.4,3083.6,3080.7,3072.0,3071.7,3068.9,2913.6,3000.3,3145.2,3133.5,3253.1,3158.4,3179.7,3205.3,3104.2,3167.9,3176.2,3145.4,3127.8,3105.8,3112.0,3101.7,3085.1,3116.1,3137.3,3142.4,3152.8,3145.9,3254.5,3216.9,3219.4,3153.3,3147.0,3151.7,3151.8,3146.9,3134.2,3096.8,3091.3,3116.6,3217.2,3222.3,3227.5,3241.8,3246.8,3244.1,3237.1,3240.1,3238.7,3193.0,3209.1
Health and personal care retailers,1056.2,1045.2,1052.6,1053.0,1057.0,1057.2,1058.7,1060.6,1062.9,1065.5,1068.2,1066.6,1068.2,1070.3,1069.8,1069.5,1069.7,1072.6,1073.5,1073.4,1073.5,1071.0,1071.8,1073.4,1075.2,1077.2,1083.1,1089.2,1089.1,1094.5,1096.3,1098.7,1101.2,1103.9,1108.0,1111.0,1117.2,1114.1,1112.8,1111.2,1113.7,1106.2,1106.1,1103.6,1105.3,1104.8,1112.3,1111.9,1104.2,1103.0,1108.2,1106.6,1106.0,1105.4,1103.0,1104.7,1106.2,1104.1,1109.5,1109.0,1105.8,1091.1,1085.8,1090.9,1088.0,1088.0,1087.1,1081.0,1074.5,1088.1,1080.4,1078.2,1071.4,1071.2,1067.5,960.4,923.6,963.4,986.3,1001.9,1014.2,1015.8,1013.8,1022.5,1036.5,1046.7,1059.2,1075.1,1076.9,1073.1,1076.4,1074.5,1084.9,1097.2,1099.4,1101.0,1111.6,1109.3,1102.4,1093.7,1089.3,1091.2,1093.7,1104.4,1106.5,1108.3,1108.3,1108.4,1100.5,1099.7,1095.3,1097.3,1097.9,1100.6,1101.2,1096.7,1098.9,1098.0,1093.6,1093.2
Heavy and civil engineering construction,894.5,896.6,902.2,905.2,909.5,910.6,912.7,914.1,918.9,919.6,922.5,930.0,930.4,934.8,920.8,932.8,932.0,933.4,935.8,938.8,937.3,941.8,947.6,954.1,948.9,948.4,954.9,956.8,946.9,946.3,949.9,941.4,950.5,963.1,965.2,953.3,958.6,974.8,984.1,991.3,1000.0,1005.0,1006.3,1012.8,1010.0,1006.2,1004.7,1005.8,1002.8,1025.5,1032.0,1024.3,1049.1,1058.5,1065.7,1071.7,1074.5,1073.8,1071.8,1068.9,1070.6,1061.8,1067.1,1078.6,1078.5,1082.4,1082.0,1088.5,1096.0,1096.7,1095.4,1091.6,1103.3,1103.9,1090.7,993.5,1032.9,1029.6,1030.1,1027.0,1025.9,1031.5,1035.0,1040.5,1040.1,1022.1,1042.6,1043.2,1039.2,1034.8,1030.6,1026.5,1034.6,1045.4,1053.6,1058.5,1049.5,1065.8,1067.6,1065.9,1069.7,1072.7,1075.5,1072.5,1074.5,1074.6,1081.9,1083.8,1089.2,1104.6,1108.8,1104.3,1100.9,1111.5,1118.2,1124.6,1128.0,1129.7,1131.5,1134.7
Hospitals,4763.6,4765.1,4768.3,4770.6,4780.2,4782.4,4779.3,4791.7,4798.5,4803.4,4811.1,4820.7,4832.1,4845.8,4854.4,4865.9,4881.7,4877.9,4901.3,4914.4,4926.9,4939.7,4949.4,4955.6,4973.6,4981.7,4981.0,5001.4,5007.9,5013.3,5023.9,5030.1,5033.8,5039.4,5047.3,5048.7,5050.8,5054.2,5060.4,5059.8,5064.9,5071.6,5076.2,5078.7,5081.1,5086.9,5082.8,5096.6,5099.6,5108.3,5113.7,5118.6,5122.0,5128.4,5131.1,5137.7,5142.0,5150.4,5153.9,5159.1,5165.7,5165.8,5170.8,5177.5,5180.7,5194.3,5186.7,5197.5,5205.8,5207.7,5217.4,5221.0,5227.4,5235.0,5238.0,5107.0,5072.0,5080.6,5093.0,5102.6,5099.0,5111.7,5116.3,5156.9,5120.6,5121.1,5134.5,5126.9,5125.6,5120.4,5115.6,5117.6,5100.3,5100.4,5100.7,5099.7,5100.0,5105.7,5111.2,5123.3,5137.2,5155.7,5168.9,5186.2,5208.3,5218.4,5230.6,5245.8,5257.7,5267.9,5277.9,5290.4,5304.8,5323.9,5343.4,5360.3,5380.0,5399.1,5420.2,5439.9
Insurance carriers and related activities,2426.7,2440.4,2443.1,2447.9,2453.8,2461.0,2467.4,2475.3,2483.8,2490.5,2498.9,2504.0,2514.2,2517.9,2525.6,2528.5,2528.2,2537.6,2544.4,2544.8,2548.5,2554.9,2559.6,2559.6,2563.2,2566.2,2569.9,2575.7,2581.1,2590.1,2596.0,2603.0,2605.5,2612.4,2617.2,2626.8,2638.0,2642.3,2645.3,2655.1,2658.5,2657.6,2663.7,2665.5,2675.9,2670.6,2668.2,2671.1,2673.9,2680.5,2683.3,2690.9,2704.2,2711.4,2715.0,2721.4,2727.9,2737.7,2747.4,2754.2,2759.8,2766.6,2779.0,2786.6,2793.0,2796.2,2811.5,2819.2,2823.0,2826.8,2832.7,2832.8,2842.3,2853.2,2851.9,2848.2,2839.0,2834.8,2829.6,2828.3,2830.3,2829.0,2824.6,2822.9,2816.6,2806.2,2810.2,2806.9,2807.8,2810.2,2817.4,2824.7,2834.0,2843.1,2853.0,2865.4,2873.3,2884.9,2889.6,2915.1,2911.1,2921.8,2924.9,2931.5,2925.4,2939.5,2945.2,2946.7,2951.4,2947.1,2951.8,2966.4,2975.1,2974.6,2983.3,2986.7,2989.4,2989.3,2993.4,2996.7
Lessors of nonfinancial intangible assets (except copyrighted works),23.7,23.7,23.8,23.8,23.7,23.6,23.6,23.6,23.5,23.5,23.7,23.7,23.7,23.6,23.6,23.6,23.8,23.8,23.8,23.8,23.7,23.8,23.8,23.7,23.7,23.7,23.6,23.6,23.5,23.6,23.7,23.7,23.9,24.0,24.0,24.1,24.1,24.2,24.2,24.1,23.9,23.9,23.7,23.6,23.4,23.1,23.2,22.9,22.4,23.0,23.0,22.8,23.8,23.8,23.8,23.6,23.5,23.6,23.3,23.3,23.2,23.1,23.1,23.2,23.2,23.2,22.9,23.1,23.1,22.9,22.9,23.0,23.0,23.1,22.9,22.5,22.2,22.0,22.0,21.8,21.6,21.5,21.3,21.1,21.1,20.7,20.5,20.6,20.7,20.9,21.0,21.2,21.3,21.5,21.6,21.8,22.0,22.1,22.3,22.6,22.7,22.7,22.7,22.6,22.7,22.8,22.8,22.8,22.7,22.8,22.9,22.9,23.0,22.8,22.8,22.9,23.1,23.2,23.2,23.2
Machinery manufacturing,1110.1,1112.9,1116.3,1121.6,1124.6,1128.8,1130.3,1133.4,1132.0,1137.6,1139.6,1140.0,1138.5,1136.6,1134.4,1128.0,1125.8,1123.5,1119.1,1115.2,1113.1,1108.2,1105.3,1100.2,1096.4,1092.4,1087.5,1083.9,1071.8,1072.3,1072.0,1070.9,1069.9,1067.5,1065.6,1065.3,1066.7,1071.5,1070.4,1071.8,1074.1,1076.1,1079.1,1084.1,1083.9,1084.7,1090.5,1095.1,1099.2,1102.4,1105.8,1111.3,1115.6,1118.1,1121.7,1120.9,1124.9,1126.1,1128.0,1129.1,1131.1,1132.1,1134.1,1129.7,1127.8,1127.5,1126.3,1125.6,1122.8,1121.4,1119.1,1117.9,1117.2,1113.3,1108.2,1020.9,1036.1,1035.5,1032.9,1030.4,1041.1,1040.7,1041.3,1041.8,1039.9,1042.6,1044.3,1047.6,1053.6,1048.3,1057.5,1063.6,1070.8,1072.2,1063.8,1074.7,1079.0,1090.6,1097.0,1103.4,1103.4,1105.3,1109.5,1111.2,1113.6,1116.2,1121.2,1126.6,1127.2,1127.3,1131.9,1132.3,1132.1,1135.8,1136.3,1139.6,1139.1,1138.3,1138.0,1142.0
"Merchant wholesalers, durable goods",3028.6,3035.9,3042.6,3049.2,3055.3,3061.0,3061.7,3061.3,3060.9,3066.7,3069.6,3075.4,3076.1,3080.4,3080.6,3079.3,3081.8,3080.2,3079.3,3081.4,3075.6,3077.1,3078.8,3078.5,3080.5,3076.4,3077.3,3081.4,3079.3,3079.1,3080.3,3082.8,3086.2,3087.6,3088.5,3087.5,3090.6,3093.6,3098.4,3102.6,3104.1,3108.1,3111.5,3111.2,3114.5,3116.8,3121.1,3123.8,3126.4,3130.1,3136.6,3132.9,3136.3,3140.9,3146.7,3158.5,3159.9,3165.2,3170.1,3177.6,3182.1,3186.4,3189.6,3195.1,3197.8,3197.2,3203.2,3209.6,3213.9,3218.5,3215.0,3215.0,3215.3,3216.4,3213.8,3007.8,3004.7,3029.6,3032.6,3034.7,3041.7,3049.1,3059.1,3066.5,3077.6,3085.0,3093.5,3104.8,3118.5,3135.2,3146.7,3156.5,3164.5,3183.1,3196.2,3210.6,3223.3,3236.0,3257.6,3274.9,3293.1,3304.8,3316.3,3326.1,3326.7,3342.1,3348.5,3358.1,3365.7,3373.1,3381.3,3379.7,3386.1,3385.8,3394.7,3397.2,3408.8,3416.0,3420.5,3425.3
"Merchant wholesalers, nondurable goods",2114.1,2114.2,2112.3,2119.1,2118.8,2122.4,2125.7,2123.7,2128.4,2125.8,2125.3,2125.4,2126.4,2132.2,2136.0,2135.3,2139.5,2140.3,2141.6,2141.9,2139.3,2138.5,2139.4,2137.7,2136.4,2139.7,2140.7,2141.5,2141.9,2143.1,2143.9,2144.2,2151.7,2153.8,2152.3,2151.3,2156.1,2154.6,2153.3,2150.9,2150.0,2150.3,2148.9,2152.2,2152.3,2154.9,2154.7,2156.1,2152.0,2154.4,2158.8,2143.1,2146.3,2140.7,2146.5,2151.7,2150.5,2155.1,2160.2,2160.2,2164.3,2165.4,2164.2,2165.4,2165.2,2161.5,2163.5,2158.3,2156.9,2155.8,2159.2,2164.0,2166.4,2162.0,2150.8,1999.7,2019.4,2034.6,2016.2,2026.7,2044.9,2050.0,2050.5,2051.2,2052.2,2052.9,2057.4,2061.9,2067.3,2078.7,2086.0,2091.6,2096.0,2096.6,2109.6,2120.3,2130.5,2138.1,2148.0,2160.4,2159.9,2163.1,2168.4,2178.0,2181.1,2186.1,2186.9,2191.9,2195.5,2199.7,2203.0,2203.4,2207.0,2208.7,2212.8,2207.7,2210.0,2212.4,2215.8,2218.9
Mining (except oil and gas),207.2,207.7,206.7,206.9,206.6,207.4,208.9,207.9,207.9,206.8,206.7,205.6,204.8,203.5,202.6,200.0,201.2,199.2,198.2,196.5,194.2,193.0,190.6,188.9,186.9,185.4,183.7,181.0,179.2,178.8,177.4,178.0,178.7,179.3,180.9,181.5,183.1,183.3,184.3,185.5,184.9,185.5,186.2,186.9,187.3,187.3,188.3,187.9,187.8,188.8,189.0,189.8,190.7,192.0,192.2,193.3,192.5,194.1,192.5,193.3,193.1,193.1,193.3,192.7,192.4,192.4,189.4,187.7,187.9,188.2,188.3,186.9,187.2,186.4,185.5,172.9,173.1,172.3,173.1,172.8,173.7,171.6,171.3,174.9,174.9,174.2,174.8,174.7,173.6,174.5,176.1,176.8,177.2,178.1,178.4,179.4,179.8,180.2,180.5,180.7,182.0,183.1,183.4,183.6,183.9,185.3,187.1,186.5,186.5,187.6,187.1,187.2,186.7,187.1,187.5,187.0,186.8,186.5,187.1,188.5
Miscellaneous manufacturing,580.2,581.7,584.2,582.2,582.0,580.5,579.8,580.1,582.4,583.9,582.6,582.6,583.4,583.3,587.0,588.6,591.4,592.8,591.7,593.2,589.8,591.2,592.7,593.4,594.0,592.1,589.7,589.2,589.6,590.1,591.0,590.1,590.6,592.0,590.8,591.6,591.2,592.3,593.4,593.1,591.8,593.6,593.9,593.9,595.6,596.4,599.1,599.2,601.3,603.5,605.4,606.4,607.7,605.7,608.2,609.4,609.4,613.5,612.9,614.4,615.8,614.8,615.3,616.0,616.6,617.1,617.4,618.9,619.9,616.9,619.0,621.2,621.9,623.9,617.3,522.2,542.6,570.8,584.2,583.1,588.2,590.5,592.8,595.5,595.9,597.0,597.8,603.3,606.7,606.1,608.0,607.6,608.8,611.2,621.2,621.8,622.1,624.4,626.0,625.5,626.6,627.8,629.6,630.7,630.2,631.2,632.6,631.5,632.7,631.6,629.6,629.0,625.8,626.5,628.0,626.3,627.1,625.2,625.5,627.5
Monetary authorities-central bank,18.3,18.4,18.4,18.3,18.3,18.3,18.2,18.1,18.1,18.0,18.0,18.0,18.0,18.0,17.9,17.9,17.8,17.9,17.9,18.1,18.2,18.2,18.3,18.4,18.3,18.4,18.5,18.7,18.6,18.6,18.6,18.6,18.6,18.6,18.7,19.2,19.0,19.1,19.1,19.0,19.1,19.1,19.1,19.1,19.2,19.2,19.2,19.3,19.3,19.4,19.4,19.5,19.5,19.6,19.7,19.7,19.7,19.7,19.8,19.8,19.9,19.9,19.9,20.0,20.0,19.7,19.7,19.8,19.8,19.9,19.9,19.4,20.0,19.6,20.1,20.2,20.3,20.4,20.5,20.5,20.6,20.6,20.7,20.8,20.9,20.9,20.9,21.0,21.0,21.0,21.0,21.0,21.0,21.0,21.1,21.1,21.0,21.1,21.2,21.2,21.3,21.4,21.6,21.7,21.8,22.0,22.2,22.3,22.4,22.6,22.6,22.6,22.7,22.7,22.7,22.6,22.6,22.5,22.6,22.5
Motion picture and sound recording industries,383.1,376.7,381.5,378.5,374.6,377.0,378.0,378.3,378.1,378.5,385.5,388.7,390.3,396.8,393.5,393.1,395.0,399.2,399.4,401.1,406.8,406.1,394.0,405.3,407.1,416.3,425.7,424.6,414.8,430.9,426.5,428.1,433.2,437.1,438.6,429.6,438.9,433.7,432.4,432.8,429.0,429.6,429.1,432.0,428.8,430.1,429.9,427.3,431.9,427.7,432.6,442.9,447.0,438.7,440.7,443.3,439.6,447.2,441.0,446.5,439.0,437.2,442.4,436.8,437.6,449.8,440.8,433.1,433.6,426.1,433.6,437.3,435.7,439.1,432.2,221.8,211.4,224.4,225.0,249.8,296.3,288.3,289.4,297.5,314.6,320.3,332.5,343.3,355.5,366.4,387.8,401.3,419.7,429.3,435.2,443.2,445.0,444.8,450.2,441.3,453.9,455.9,454.7,446.5,441.0,443.2,453.7,437.7,422.0,416.4,422.9,426.9,438.4,429.2,419.9,404.8,400.3,396.5,420.4,431.3
Motor vehicle and parts dealers,1834.8,1839.5,1844.1,1854.1,1855.6,1872.1,1874.2,1881.0,1884.5,1886.8,1894.1,1899.8,1906.3,1913.4,1917.5,1919.8,1928.1,1932.2,1940.3,1943.9,1947.0,1953.1,1960.5,1967.8,1974.5,1975.5,1980.1,1980.4,1981.3,1982.8,1984.5,1988.7,1993.6,1996.9,2001.3,2004.4,2009.4,2012.1,2010.2,2010.6,2009.5,2008.6,2012.2,2011.1,2009.7,2017.3,2019.2,2018.2,2019.5,2020.2,2019.7,2017.6,2019.4,2022.3,2026.5,2025.1,2025.2,2029.4,2022.7,2025.4,2025.9,2026.1,2028.6,2035.2,2034.0,2030.8,2031.4,2036.5,2039.4,2038.4,2044.6,2044.9,2051.6,2049.7,2031.6,1666.8,1750.1,1846.3,1871.1,1895.1,1908.4,1920.3,1925.6,1938.6,1929.6,1934.8,1941.4,1949.1,1952.4,1958.0,1961.4,1963.6,1970.4,1972.5,1974.7,1979.3,1984.0,1992.7,2003.1,2006.3,2005.8,2010.6,2011.7,2014.3,2014.7,2015.5,2025.6,2028.1,2027.3,2027.2,2026.0,2027.2,2035.5,2040.2,2043.2,2048.0,2058.8,2063.2,2066.0,2071.8
"Museums, historical sites, and similar institutions",144.5,146.1,145.8,146.5,146.9,146.4,145.7,146.1,146.6,147.6,150.7,149.6,150.6,150.3,151.0,151.3,151.9,152.5,152.5,153.4,155.0,155.2,155.1,155.2,155.4,154.5,157.6,158.5,160.2,160.4,161.8,162.3,161.5,161.5,159.2,160.3,160.7,162.1,162.3,163.8,166.2,169.0,168.2,168.1,167.7,165.8,165.6,166.9,167.0,167.6,168.1,168.4,169.1,172.0,170.3,169.8,169.4,170.5,170.5,169.4,170.7,170.0,171.5,172.2,172.6,173.3,172.5,172.9,171.5,172.8,173.3,174.4,174.1,173.2,171.8,125.1,122.7,122.4,121.3,124.8,128.4,131.1,130.9,131.0,130.4,131.3,131.9,133.8,135.7,138.2,140.9,142.5,143.5,145.7,146.2,149.6,151.0,153.0,154.0,154.6,156.3,157.5,160.1,162.8,162.6,162.7,164.7,164.9,166.3,167.6,169.4,170.4,171.8,172.2,172.5,173.7,174.9,176.3,176.1,175.7
Nonmetallic mineral product manufacturing,376.7,376.5,377.6,379.5,381.6,384.0,383.4,387.1,388.7,390.3,391.3,391.3,390.9,391.9,391.8,395.1,397.1,397.6,399.3,400.5,401.2,403.1,404.3,404.0,404.4,404.6,404.8,405.0,406.1,406.6,406.5,404.3,407.5,408.1,408.1,408.6,409.0,409.7,410.2,409.5,409.1,408.6,409.4,410.6,408.6,408.6,410.1,411.7,411.9,413.3,414.6,415.3,414.3,415.7,415.8,416.3,417.9,418.8,419.0,420.8,423.8,418.3,418.7,420.0,418.0,417.5,418.5,418.1,417.0,419.4,418.0,415.0,417.1,418.0,416.2,371.5,387.6,393.4,395.8,393.3,397.8,398.5,400.2,403.5,399.1,396.3,401.5,406.0,402.4,401.9,403.3,406.5,407.5,406.0,409.0,409.5,412.2,417.4,415.2,416.2,419.3,417.6,417.2,419.5,417.9,420.1,419.4,422.5,423.8,422.4,420.9,418.9,417.7,420.2,420.3,419.6,421.4,421.8,422.5,424.3
Nursing and residential care facilities,3245.7,3249.1,3251.7,3254.7,3257.7,3255.5,3255.5,3259.4,3261.2,3266.1,3268.0,3272.2,3282.0,3279.4,3277.6,3284.1,3284.6,3287.2,3293.2,3296.6,3302.1,3300.5,3305.0,3300.1,3302.9,3303.7,3308.9,3308.7,3312.8,3319.8,3328.4,3321.7,3326.4,3327.0,3328.6,3338.1,3338.0,3342.1,3342.3,3346.5,3349.1,3349.6,3351.1,3356.4,3346.4,3344.8,3351.6,3351.3,3356.7,3356.7,3353.3,3353.3,3357.4,3353.7,3351.1,3354.0,3356.1,3360.1,3357.2,3364.9,3361.5,3363.6,3371.9,3373.4,3374.7,3374.0,3379.4,3378.2,3378.9,3381.5,3380.6,3374.6,3376.6,3377.1,3369.2,3239.9,3198.1,3179.3,3160.4,3144.6,3143.7,3137.7,3127.8,3115.3,3085.8,3078.1,3072.0,3051.6,3041.6,3029.2,3019.3,3010.4,2973.2,2972.2,2970.2,2972.5,2960.5,2968.7,2969.0,2974.4,2988.8,2998.0,3012.6,3025.7,3039.2,3053.0,3061.2,3069.4,3086.0,3099.7,3107.9,3117.6,3127.3,3140.7,3164.1,3180.0,3185.9,3198.5,3216.7,3218.4
Oil and gas extraction,193.9,195.5,193.3,195.2,196.7,198.1,198.5,198.1,198.8,200.8,200.7,200.6,198.8,197.3,196.5,194.7,194.2,193.9,194.5,193.5,192.5,189.9,188.7,187.7,187.3,185.1,182.3,178.5,174.7,169.9,166.8,164.4,160.8,158.6,157.0,152.8,149.1,147.9,144.2,145.0,144.2,143.5,142.8,142.0,143.6,142.2,141.6,139.6,141.0,140.5,142.4,142.7,143.3,144.0,143.7,142.8,141.4,141.1,141.6,141.1,141.9,143.2,143.3,144.2,144.7,145.0,144.0,144.4,144.0,143.4,141.8,141.9,138.1,137.0,134.7,132.9,129.8,127.9,127.3,126.3,126.7,126.2,126.1,125.8,114.7,113.1,113.6,114.3,113.0,111.9,111.1,111.2,111.0,110.9,110.7,111.4,111.1,112.0,112.7,119.6,120.1,121.4,122.6,114.9,114.9,115.5,115.9,116.0,116.4,116.3,116.2,116.9,117.7,116.9,117.1,117.4,117.6,117.8,117.4,118.1
Paper manufacturing,375.8,374.6,373.4,374.1,374.4,375.0,373.1,372.6,371.3,372.4,372.5,372.7,371.5,371.6,372.5,372.4,372.1,370.5,372.8,373.0,373.9,373.6,373.9,373.5,373.5,372.9,371.3,371.3,371.5,371.7,371.0,370.4,369.0,368.6,368.2,367.9,368.5,368.5,368.8,369.2,367.4,365.1,365.5,364.7,364.6,364.1,364.6,362.3,363.6,364.2,364.0,364.9,365.2,365.5,365.5,366.2,367.0,366.5,366.4,366.0,365.1,365.4,365.5,365.4,366.0,365.7,366.2,365.4,364.3,365.2,364.1,363.8,362.9,362.7,362.2,354.0,352.4,352.1,353.0,352.1,352.3,350.5,350.4,350.6,350.6,349.8,350.6,347.4,345.6,347.3,347.1,349.0,349.6,351.0,353.9,353.6,355.3,361.0,360.8,363.2,364.6,365.6,364.4,364.1,364.8,365.9,364.3,362.9,361.6,361.0,361.5,359.0,357.5,356.2,355.7,353.5,353.8,353.6,353.1,353.6
"Performing arts, spectator sports, and related industries",437.8,438.9,437.9,440.1,442.6,443.8,441.4,441.8,446.8,447.1,451.2,448.3,444.9,441.0,447.0,445.8,454.6,448.8,447.9,451.1,454.5,453.9,453.6,453.5,452.0,456.0,457.9,461.2,450.8,467.0,478.9,475.7,467.3,467.3,468.9,474.4,479.8,479.9,473.8,487.0,496.1,506.9,503.1,502.7,500.3,499.7,495.8,499.0,499.9,499.8,500.7,503.1,503.1,500.9,501.2,500.9,505.1,531.6,514.3,515.5,511.3,515.6,522.3,520.5,522.1,524.8,519.7,520.1,525.5,512.6,518.1,517.8,517.3,525.6,502.0,268.5,252.2,262.7,264.2,270.1,271.6,293.4,303.6,310.2,325.5,326.6,334.5,332.2,345.0,362.8,381.9,407.4,426.8,441.3,458.2,475.8,465.9,478.6,489.0,501.6,512.6,514.9,525.1,516.6,527.5,517.0,508.9,518.6,527.0,537.5,545.6,565.4,573.4,582.6,580.6,588.2,594.0,605.1,604.3,613.6
Personal and laundry services,1354.1,1356.7,1361.3,1364.2,1367.4,1368.5,1373.0,1377.6,1376.4,1381.6,1385.6,1386.7,1389.2,1388.5,1392.0,1397.9,1404.3,1405.3,1408.3,1406.7,1410.3,1415.3,1418.4,1424.6,1421.1,1430.9,1436.3,1438.9,1438.8,1441.8,1445.4,1449.7,1452.5,1455.0,1456.5,1459.0,1462.3,1466.4,1469.4,1472.7,1476.0,1477.6,1481.6,1481.7,1482.0,1487.4,1493.1,1493.7,1497.3,1497.3,1494.1,1497.8,1501.0,1510.1,1504.1,1508.5,1515.1,1516.4,1516.7,1515.8,1514.1,1518.1,1523.6,1529.6,1531.7,1533.5,1535.9,1539.0,1547.1,1540.1,1549.3,1555.0,1562.3,1562.8,1507.7,676.6,832.3,1110.6,1241.6,1262.5,1268.4,1286.1,1288.6,1268.2,1274.1,1293.3,1304.8,1315.2,1325.8,1355.4,1376.5,1398.0,1404.9,1422.2,1429.7,1436.9,1436.2,1452.9,1456.2,1459.2,1461.6,1469.1,1497.8,1493.8,1498.6,1503.8,1513.4,1516.6,1525.8,1523.4,1524.9,1524.4,1526.5,1532.4,1534.2,1543.0,1552.8,1549.2,1549.0,1542.5
Petroleum and coal products manufacturing,110.8,110.6,110.5,110.4,111.1,112.2,112.1,112.3,112.1,112.6,111.4,114.2,114.4,109.5,108.4,112.1,112.6,112.9,114.3,113.7,114.0,113.9,114.0,113.8,112.5,111.7,111.9,112.2,112.1,112.2,112.2,112.8,113.1,112.7,113.1,113.4,113.5,112.3,114.4,114.7,114.3,115.0,115.2,115.5,115.4,116.0,115.5,114.3,114.3,116.4,114.2,114.5,115.1,115.4,116.1,116.0,115.8,115.5,114.1,115.3,115.7,115.4,115.2,115.1,115.6,115.4,114.3,113.3,113.3,112.1,113.2,113.1,113.6,113.4,113.0,104.8,104.4,104.4,104.8,105.0,105.0,105.6,105.2,109.8,106.8,107.4,106.8,104.8,104.4,103.6,103.7,104.3,105.0,105.0,105.1,105.3,103.5,104.9,105.9,106.5,106.5,106.5,106.9,105.2,106.1,106.4,107.5,105.7,107.2,107.6,108.1,108.6,108.3,108.9,107.8,108.2,107.6,107.5,109.0,109.2
Pipeline transportation,46.0,46.3,46.6,47.0,46.6,47.1,47.1,47.1,47.1,47.5,47.6,47.5,47.3,48.0,48.5,48.7,49.8,49.9,50.2,50.3,50.8,50.7,50.6,51.0,51.1,50.2,49.9,50.1,50.0,49.4,49.5,49.5,49.5,49.3,49.1,49.3,49.3,49.2,49.5,49.1,48.4,48.4,48.2,48.6,48.4,48.5,49.1,48.8,48.2,49.2,49.2,49.0,49.2,49.7,49.9,50.0,50.3,50.6,50.2,50.4,50.8,50.6,50.5,51.0,51.7,51.9,52.0,51.8,51.8,51.7,51.9,52.0,52.1,51.7,52.0,51.6,51.5,51.1,50.9,50.6,50.5,50.4,50.6,50.0,49.4,49.0,49.5,49.7,49.9,50.1,50.1,50.4,50.7,50.9,51.1,51.4,50.8,50.9,50.4,51.0,51.2,51.5,52.0,50.2,50.1,50.4,50.8,51.0,51.2,51.8,52.0,52.1,51.5,51.8,51.5,51.9,52.5,51.8,52.1,51.8
Plastics and rubber products manufacturing,667.9,670.6,669.3,670.9,670.7,672.6,672.7,673.8,674.2,676.9,685.2,681.2,681.9,683.3,684.1,685.8,687.4,687.8,690.5,690.0,691.8,693.2,694.7,695.7,696.5,697.3,699.1,700.4,704.5,704.5,705.5,703.7,705.1,705.4,703.9,705.7,708.0,711.0,712.5,712.4,712.9,714.5,717.3,720.9,721.8,723.6,725.0,725.1,727.9,727.1,727.5,729.1,729.6,730.2,731.3,731.4,732.5,733.4,734.4,734.7,734.4,733.9,733.2,732.1,732.0,733.5,731.1,732.8,731.6,729.8,729.6,728.9,731.3,728.9,727.0,659.9,678.3,704.2,698.8,703.7,705.5,711.3,712.1,715.9,715.0,718.6,718.4,716.8,719.5,717.0,720.0,732.0,729.7,734.4,739.2,742.6,741.4,746.3,750.7,755.2,753.6,756.6,757.1,758.5,759.2,762.6,755.3,749.8,750.0,744.6,741.8,740.5,738.8,740.1,737.3,733.8,737.7,734.6,729.7,727.1
Primary metal manufacturing,394.6,396.1,396.2,396.2,396.2,397.8,398.8,399.5,401.3,401.5,402.0,402.5,401.8,400.1,399.5,397.8,395.4,395.6,393.7,393.1,389.0,389.0,388.0,384.9,384.0,382.0,379.9,378.4,376.7,374.1,372.8,371.0,370.9,370.6,367.8,368.2,368.1,367.5,367.7,369.3,371.3,372.1,372.7,373.3,373.0,373.6,373.1,375.6,375.1,377.0,375.9,377.4,378.2,380.6,380.3,381.0,382.0,383.6,385.4,387.0,388.7,389.1,389.7,389.0,388.9,388.9,388.5,388.4,388.4,382.7,382.6,380.8,379.4,379.6,379.2,349.2,340.5,345.5,343.9,343.8,343.2,345.0,345.8,344.6,344.2,343.6,346.1,348.1,349.0,351.0,353.7,352.5,352.6,353.1,355.0,356.4,358.4,360.9,360.1,361.2,362.3,362.6,364.3,365.5,368.7,370.0,369.7,371.0,370.7,371.1,373.5,373.2,374.4,375.7,377.1,377.1,375.9,374.7,372.1,372.4
Printing and related support activities,452.7,453.8,453.7,454.9,454.8,455.3,453.6,453.3,454.1,452.6,452.3,452.1,449.2,451.0,450.8,451.2,449.6,448.6,448.6,449.2,448.9,451.0,451.9,452.0,452.1,450.4,449.6,449.4,449.0,448.1,447.1,444.5,445.4,444.4,444.1,444.5,443.2,442.7,443.3,442.2,439.9,441.0,441.2,441.2,437.7,437.5,436.0,435.3,434.0,435.6,433.7,432.7,432.2,432.2,432.3,432.2,431.5,430.7,429.8,429.0,428.6,427.1,426.8,426.3,425.9,425.7,425.7,425.5,424.6,422.9,421.8,419.8,420.3,419.4,414.8,341.1,360.6,363.6,364.2,360.9,363.1,364.2,364.5,366.1,364.6,362.5,365.6,364.1,367.2,366.4,366.5,368.8,373.4,373.6,375.7,376.8,376.0,376.7,377.2,380.7,380.8,380.9,381.2,380.6,378.1,377.6,376.9,376.5,375.9,376.2,376.0,374.9,371.9,369.3,368.6,367.8,366.0,366.5,364.5,364.1
Publishing industries,760.6,759.6,759.7,760.7,760.3,762.0,762.0,763.2,763.3,762.6,764.5,764.0,764.3,764.2,764.8,764.9,765.1,767.8,766.0,765.0,768.3,767.0,767.0,767.1,770.6,771.8,771.5,772.0,772.8,773.2,774.8,777.3,775.8,775.0,774.4,775.7,775.8,775.9,775.3,773.9,774.7,774.7,776.2,775.6,775.8,778.4,780.2,780.0,780.7,782.2,783.8,784.5,786.7,787.8,790.2,793.3,794.9,799.0,802.6,803.3,805.2,807.4,809.5,814.3,819.5,823.6,825.3,825.9,831.2,835.9,836.7,836.6,841.1,847.6,850.4,824.6,818.9,819.8,815.3,819.2,824.1,828.9,832.4,836.8,842.1,846.9,852.9,854.7,865.9,869.5,873.3,878.2,881.9,887.1,893.2,901.7,911.2,916.1,930.9,937.4,942.6,954.3,951.5,954.2,966.0,959.9,963.2,963.0,955.1,954.0,954.5,955.2,946.1,950.1,934.1,936.3,955.0,937.2,933.0,931.7
Rail transportation,195.1,195.4,195.5,196.4,198.1,198.5,200.0,200.7,202.8,203.1,204.3,205.8,208.0,209.2,209.7,209.8,208.2,206.8,204.2,202.2,199.9,197.9,195.8,192.0,187.8,184.6,183.3,182.3,182.2,181.9,183.1,183.5,183.6,183.7,184.0,183.7,182.9,183.7,184.5,183.7,183.5,182.7,181.4,181.1,180.6,180.0,179.4,179.3,179.0,179.4,179.4,180.4,181.6,181.7,181.9,182.4,183.0,183.8,184.1,183.4,182.5,181.6,180.6,179.6,177.9,176.1,175.1,172.7,169.9,167.1,165.3,163.6,160.4,159.0,158.6,154.3,148.0,145.3,146.0,146.6,147.3,146.2,145.0,148.4,145.8,146.0,146.4,146.6,146.9,147.7,147.1,145.9,146.0,145.8,145.5,145.5,143.4,145.7,145.8,146.0,146.8,147.2,147.3,147.8,148.7,149.3,149.9,150.3,150.7,151.4,152.1,152.8,152.8,152.6,153.1,153.0,152.8,152.8,152.8,153.1
Real estate,1472.5,1474.5,1477.5,1481.7,1483.5,1489.3,1489.2,1492.0,1493.3,1493.1,1497.2,1499.2,1500.8,1503.5,1508.4,1510.3,1510.1,1513.8,1519.4,1521.9,1523.5,1527.7,1529.3,1534.0,1536.8,1537.7,1541.3,1542.6,1549.3,1552.8,1559.1,1564.3,1570.5,1570.9,1577.3,1579.6,1584.5,1587.5,1586.5,1592.8,1596.2,1604.5,1604.0,1608.8,1612.2,1619.1,1629.6,1630.6,1636.8,1640.5,1653.0,1650.0,1655.6,1660.6,1665.6,1668.2,1675.2,1677.7,1676.7,1685.9,1691.4,1696.4,1702.2,1707.1,1711.4,1714.6,1720.0,1727.4,1724.8,1730.8,1734.3,1738.5,1746.2,1756.7,1741.5,1638.1,1652.0,1666.2,1671.1,1682.5,1692.6,1698.5,1703.9,1710.7,1714.9,1717.0,1718.4,1730.7,1738.2,1746.0,1758.3,1765.6,1770.9,1779.1,1786.2,1793.1,1781.4,1801.7,1806.3,1809.6,1816.5,1820.2,1819.0,1822.7,1834.3,1838.7,1842.5,1844.7,1846.5,1849.5,1849.1,1854.9,1852.6,1851.6,1857.4,1859.2,1860.2,1863.4,1868.9,1872.8
"Religious, grantmaking, civic, professional, and similar organizations",2951.8,2952.8,2957.4,2959.4,2957.3,2953.7,2952.1,2952.0,2949.7,2952.4,2952.9,2952.0,2947.4,2950.1,2946.4,2945.9,2944.3,2932.5,2940.5,2933.3,2934.4,2928.3,2932.8,2936.4,2939.1,2940.5,2944.0,2946.9,2943.5,2946.6,2950.6,2959.2,2965.9,2968.2,2975.0,2959.6,2968.3,2971.4,2973.5,2975.2,2981.2,2981.9,2981.7,2982.7,2985.3,2988.7,2988.7,2988.5,2988.9,2995.3,3000.3,3001.4,3004.1,3007.6,3001.2,2994.9,2993.8,2993.4,2993.5,2998.2,3004.0,3002.2,3008.8,3013.1,3009.9,3016.1,3014.4,3011.5,3004.0,3004.3,3006.8,3009.0,3008.7,3008.5,2993.5,2717.8,2713.7,2730.9,2735.5,2748.8,2777.7,2772.6,2752.6,2738.1,2732.8,2724.6,2716.4,2725.8,2729.5,2755.4,2768.4,2773.0,2778.0,2784.9,2791.1,2799.5,2803.5,2815.2,2819.7,2824.7,2822.1,2817.1,2815.4,2817.3,2821.9,2821.0,2826.7,2829.4,2830.5,2829.2,2832.6,2831.6,2835.2,2837.4,2837.8,2842.9,2837.5,2837.0,2844.7,2848.3
Rental and leasing services,521.9,524.2,524.7,532.1,533.3,535.3,538.5,538.6,539.7,542.7,542.8,545.0,543.2,545.6,544.2,543.2,544.0,545.4,548.2,550.3,551.7,549.8,552.1,551.4,555.4,554.2,551.3,558.1,559.0,563.8,567.4,561.7,558.3,555.0,554.1,555.9,557.3,556.7,558.9,557.3,558.9,559.3,560.9,561.0,560.8,561.4,563.9,565.3,561.9,566.4,563.6,563.6,564.7,564.8,566.8,569.0,571.5,573.2,571.9,571.3,576.9,576.6,581.2,581.8,581.5,583.0,580.4,580.5,579.5,580.6,581.8,581.6,579.2,586.2,578.9,462.4,461.1,463.3,463.0,466.9,470.8,473.0,473.1,476.1,478.4,475.9,477.8,480.1,482.1,481.7,489.2,490.7,495.8,502.7,508.7,510.3,516.9,521.4,527.0,530.8,539.2,539.5,542.8,551.4,550.3,547.9,556.8,565.3,562.3,574.7,573.3,576.5,580.3,586.5,591.6,594.0,597.7,597.9,598.6,599.7
Repair and maintenance,1226.8,1225.5,1234.5,1241.0,1243.6,1240.2,1240.5,1250.3,1248.1,1246.9,1252.2,1254.3,1262.3,1267.1,1268.7,1269.9,1273.8,1277.6,1279.5,1280.5,1276.3,1286.2,1287.2,1292.4,1286.8,1294.4,1292.6,1291.9,1287.7,1294.0,1293.7,1292.8,1295.3,1296.8,1297.7,1292.2,1298.4,1303.0,1305.0,1305.2,1307.5,1309.5,1311.6,1312.7,1312.9,1316.6,1321.5,1322.3,1323.0,1321.3,1321.8,1324.8,1330.2,1326.2,1323.8,1325.3,1328.6,1331.0,1328.5,1332.1,1335.4,1335.7,1342.7,1347.8,1344.2,1344.5,1348.5,1350.6,1351.8,1353.1,1354.5,1352.5,1360.1,1369.9,1346.9,1117.2,1193.3,1248.8,1255.5,1279.2,1289.0,1298.1,1302.6,1305.5,1310.0,1308.4,1318.8,1327.4,1320.0,1330.6,1340.3,1351.9,1351.9,1362.4,1373.1,1379.1,1362.5,1381.2,1381.1,1382.9,1386.2,1390.7,1393.4,1399.9,1406.4,1413.8,1417.9,1422.8,1427.3,1431.8,1437.2,1442.7,1447.6,1451.2,1457.7,1459.8,1464.3,1467.6,1470.4,1473.2
Scenic and sightseeing transportation,30.6,30.5,30.9,30.7,31.3,30.3,30.4,30.6,29.9,30.7,31.0,31.2,32.0,32.2,31.5,31.5,32.0,32.2,32.6,33.8,34.0,33.7,33.5,32.6,32.4,32.7,33.3,34.8,33.7,34.2,35.2,35.8,35.4,34.7,33.9,35.5,33.4,33.2,33.2,35.1,36.3,37.1,37.4,37.1,36.8,36.6,33.9,34.3,33.4,34.2,35.0,34.8,35.1,34.8,34.6,34.8,34.4,34.8,35.0,35.2,35.2,34.2,34.9,35.6,36.4,37.4,37.3,37.3,35.9,34.6,35.1,34.3,33.5,33.9,32.6,13.5,15.5,17.3,16.4,16.1,16.3,18.1,20.5,21.3,20.1,20.2,21.3,21.7,21.6,21.7,22.2,23.3,24.4,25.6,28.5,28.8,29.6,30.4,28.5,26.6,32.8,31.3,30.0,29.3,29.6,29.9,29.6,29.2,29.2,29.5,29.4,30.3,29.7,29.8,29.8,29.7,29.4,28.7,31.0,33.0
"Securities, commodity contracts, funds, trusts, and other financial vehicles, investments, and related activities",872.3,874.7,877.0,878.2,879.8,878.6,883.9,886.4,888.7,890.7,893.2,890.8,896.3,900.3,899.1,900.5,901.7,906.2,907.3,910.4,912.1,916.1,919.9,921.8,920.9,920.7,923.1,925.7,927.4,925.5,928.3,932.7,931.9,929.9,928.2,930.1,932.1,931.3,932.1,933.7,934.4,939.5,943.9,942.7,942.3,941.7,942.0,943.3,946.7,950.9,951.8,952.3,952.3,951.2,950.9,954.4,954.4,954.5,960.6,959.5,956.0,958.6,959.7,962.1,962.1,964.6,966.2,963.7,963.5,965.1,962.2,964.0,960.5,965.4,967.6,963.1,963.4,962.6,961.9,964.4,967.5,967.6,965.5,968.8,974.6,974.4,975.5,981.5,990.0,990.9,998.0,999.9,1002.4,1012.9,1022.4,1026.3,1018.4,1025.0,1031.0,1039.5,1044.1,1051.2,1062.8,1064.4,1068.1,1074.2,1078.2,1082.0,1084.7,1086.5,1091.1,1094.6,1099.4,1104.5,1104.3,1107.6,1107.8,1112.4,1113.4,1114.6
Social assistance,3280.3,3292.1,3303.6,3307.3,3323.3,3336.3,3360.1,3367.9,3376.8,3385.2,3401.0,3414.6,3432.9,3444.7,3460.2,3496.6,3505.3,3515.9,3520.1,3524.4,3544.6,3562.9,3573.6,3588.4,3593.1,3609.3,3615.3,3617.0,3625.6,3642.9,3657.1,3682.5,3693.2,3700.1,3711.1,3727.2,3739.9,3752.3,3763.4,3786.7,3797.3,3815.8,3823.9,3827.1,3822.1,3827.5,3843.3,3848.3,3877.1,3898.1,3914.4,3920.6,3931.7,3939.5,3954.7,3974.3,3992.7,4010.7,4022.9,4045.5,4052.3,4064.9,4087.4,4119.5,4129.8,4139.7,4151.3,4178.0,4188.2,4212.9,4235.1,4253.9,4272.0,4298.3,4258.7,3603.7,3661.8,3771.2,3823.5,3867.5,3915.6,3942.1,3966.4,3971.9,3968.0,3992.5,4018.6,4050.3,4064.3,4071.6,4076.3,4077.2,4109.3,4119.6,4133.7,4151.8,4128.1,4166.7,4193.6,4207.7,4234.6,4257.6,4284.9,4306.3,4331.0,4355.6,4386.4,4417.7,4447.1,4469.7,4493.7,4517.5,4541.7,4553.7,4579.8,4606.7,4630.5,4647.7,4671.0,4695.2
Specialty trade contractors,3768.9,3780.9,3804.9,3836.2,3854.7,3870.0,3899.3,3920.3,3938.0,3955.7,3962.4,3973.6,3990.8,4019.6,4006.4,4054.3,4079.9,4088.8,4108.7,4122.2,4137.2,4165.6,4198.1,4216.8,4217.2,4218.3,4241.5,4255.5,4254.5,4266.0,4287.4,4299.3,4315.3,4325.5,4346.5,4351.2,4361.0,4380.8,4389.7,4394.4,4392.4,4416.9,4418.7,4440.3,4450.7,4465.0,4495.6,4509.4,4512.0,4561.5,4556.8,4573.0,4602.8,4604.5,4617.3,4637.9,4657.6,4672.6,4667.7,4677.0,4703.1,4683.9,4704.2,4739.7,4748.8,4762.6,4781.5,4771.7,4780.4,4783.4,4773.5,4761.8,4799.3,4824.6,4779.2,4082.2,4426.0,4547.9,4576.3,4598.4,4619.0,4647.8,4666.3,4691.2,4696.3,4651.6,4721.6,4721.2,4710.7,4701.5,4720.5,4736.3,4758.1,4784.2,4811.4,4830.4,4824.6,4879.2,4899.5,4892.0,4919.9,4930.8,4952.2,4965.7,4988.3,4995.0,5001.2,5013.1,5032.0,5042.1,5035.8,5064.5,5078.2,5088.1,5095.2,5114.0,5117.4,5129.4,5140.3,5148.2
"Sporting goods, hobby, musical instrument, book, and miscellaneous retailers",1560.0,1555.8,1568.1,1573.1,1576.0,1576.1,1574.5,1581.8,1591.2,1606.7,1600.0,1598.6,1596.1,1595.6,1598.2,1598.2,1599.6,1596.6,1600.3,1595.5,1595.7,1599.8,1608.3,1612.6,1613.0,1609.7,1614.6,1611.6,1611.7,1613.5,1613.9,1615.7,1604.4,1611.0,1606.2,1604.3,1607.0,1607.6,1603.9,1605.5,1604.1,1604.5,1602.5,1601.9,1602.5,1596.4,1600.1,1597.6,1585.0,1588.7,1594.9,1599.6,1599.7,1595.8,1563.8,1560.8,1558.2,1551.6,1555.1,1555.2,1558.3,1557.6,1560.9,1560.7,1560.0,1560.2,1562.8,1567.2,1569.0,1569.3,1568.1,1564.2,1574.0,1575.6,1543.5,1082.0,1181.3,1306.7,1351.6,1392.6,1422.3,1445.6,1433.6,1446.6,1472.7,1490.0,1498.1,1502.5,1507.1,1512.3,1513.6,1532.9,1531.6,1529.2,1526.9,1506.9,1525.5,1528.6,1527.4,1525.5,1526.5,1535.2,1543.3,1536.5,1530.5,1533.3,1534.4,1531.7,1533.7,1531.2,1530.1,1532.7,1532.8,1528.0,1527.4,1527.9,1529.4,1530.2,1539.8,1535.2
Support activities for mining,417.0,420.1,426.9,432.4,432.2,434.3,438.1,439.8,444.2,440.9,439.7,437.2,430.9,422.0,407.2,395.5,372.8,371.5,360.7,350.9,340.0,335.7,324.8,317.2,305.6,288.4,273.0,266.3,260.9,256.1,256.0,253.9,254.6,255.1,259.1,263.7,266.0,273.7,281.3,288.1,295.9,300.0,302.1,307.4,306.4,309.3,313.5,315.9,321.0,327.1,332.5,338.7,341.1,345.4,344.1,353.8,356.3,357.7,354.7,359.3,362.1,357.3,354.9,353.0,348.9,346.1,344.8,340.3,337.2,337.5,327.5,319.0,315.9,313.2,308.6,266.2,245.1,232.4,222.8,216.5,213.8,212.0,211.1,209.4,211.9,204.3,217.9,218.9,223.2,225.8,228.2,230.3,232.3,235.6,239.0,244.0,239.4,244.7,250.0,252.4,253.4,258.6,263.1,268.0,271.0,273.4,277.9,282.6,282.8,284.5,286.6,289.7,292.9,293.8,293.9,294.7,295.3,294.6,291.7,293.6
Support activities for transportation,625.6,624.9,627.9,631.8,635.9,638.6,640.0,637.3,640.9,643.4,647.5,646.1,645.5,646.8,656.0,660.3,662.3,663.4,665.5,668.8,672.6,669.8,672.5,670.2,668.7,670.0,670.4,669.5,671.4,674.4,677.4,679.6,683.1,686.6,686.1,690.3,690.0,692.2,695.1,699.0,699.1,699.8,702.0,703.0,706.7,704.9,704.8,708.7,712.0,716.2,718.6,721.0,725.5,728.4,730.3,735.3,736.3,740.6,744.6,746.4,748.4,748.9,751.2,752.1,753.0,756.8,757.4,754.7,756.4,756.3,757.4,758.7,763.0,763.2,752.2,670.4,668.3,671.5,676.8,681.1,685.4,691.0,694.6,695.9,694.7,698.9,703.7,706.6,714.4,720.8,724.9,732.4,735.8,750.5,757.3,762.2,767.7,778.0,777.3,783.3,789.3,789.1,791.3,799.6,804.2,809.3,811.7,816.5,821.6,819.0,820.2,819.9,821.8,821.6,823.9,823.6,825.8,826.7,826.9,831.9
Telecommunications,848.2,849.2,849.4,844.3,842.2,839.6,837.1,836.4,837.4,829.5,826.2,821.5,816.0,811.9,808.0,812.7,813.4,805.7,809.9,809.2,811.0,816.2,809.3,807.3,805.6,803.5,803.7,806.6,775.1,805.1,805.9,799.5,806.6,798.1,799.0,805.0,794.4,794.8,790.2,781.4,779.1,784.5,778.7,776.6,781.0,768.8,768.9,771.2,763.2,764.3,759.3,758.1,753.9,753.7,750.1,745.0,741.9,739.9,737.5,733.1,729.3,725.1,722.9,716.2,718.6,716.0,708.4,711.0,708.1,710.5,709.5,708.7,706.3,703.8,700.9,695.8,692.2,686.9,683.8,680.4,680.2,675.2,673.4,673.3,678.3,678.5,672.1,669.9,666.5,665.6,664.4,663.9,659.6,661.7,659.7,658.0,657.9,654.5,658.7,664.1,665.7,666.0,670.7,668.5,667.0,665.8,664.2,661.5,658.6,656.8,655.0,653.1,649.5,649.5,644.4,641.8,640.9,638.1,635.0,634.8
Textile mills,117.7,116.7,117.1,117.4,117.2,116.8,116.7,116.9,117.4,117.1,117.3,117.0,117.1,117.0,117.0,117.1,117.6,117.0,116.5,116.1,115.9,116.0,115.6,115.5,116.0,115.0,115.0,114.8,114.3,114.5,114.5,114.0,113.2,113.4,114.0,114.1,113.6,113.3,112.9,111.9,112.2,111.8,111.5,112.0,113.5,113.0,112.5,112.4,112.8,112.5,112.4,112.2,111.9,111.7,112.0,112.0,111.5,110.2,111.0,110.7,109.7,109.7,109.8,110.2,109.7,108.9,108.4,107.8,107.2,106.7,106.4,105.7,106.1,106.4,104.1,85.1,87.8,93.0,91.5,93.1,94.5,95.3,95.6,96.2,95.9,95.4,97.1,96.0,97.2,98.0,98.6,98.6,98.4,98.8,99.3,99.4,98.5,98.9,98.7,99.0,98.8,98.7,97.7,97.1,97.1,95.1,94.1,93.4,93.9,92.3,92.3,92.1,90.7,90.5,90.6,90.1,89.8,89.7,90.0,89.3
Textile product mills,113.5,113.3,114.1,113.7,113.9,113.5,116.0,116.5,115.9,116.1,116.6,117.6,115.6,115.7,115.6,116.1,116.1,116.1,116.2,115.9,116.2,116.6,116.4,116.0,116.8,117.2,116.3,116.1,116.6,116.2,115.1,115.3,116.9,116.2,115.8,115.8,115.8,115.7,116.1,116.4,116.1,116.0,116.3,117.5,116.2,115.6,115.8,116.0,116.7,116.6,117.1,116.0,115.7,115.7,115.4,115.8,116.0,115.6,115.2,115.6,114.7,114.2,113.7,114.2,114.0,113.7,113.7,113.2,112.2,113.2,113.2,112.4,113.0,111.1,109.2,85.3,98.8,103.3,100.5,101.2,102.6,102.1,101.9,102.0,101.8,102.6,102.5,103.2,103.0,102.7,102.5,103.6,103.4,104.7,104.6,106.1,105.5,105.4,105.8,105.4,105.0,104.4,104.2,102.9,102.4,102.0,102.2,101.9,102.8,102.7,101.1,99.7,99.5,98.2,97.9,98.3,97.7,96.8,96.1,95.3
Transit and ground passenger transportation,465.4,467.7,471.1,468.1,468.3,466.1,475.0,481.8,477.8,479.2,481.7,481.6,484.9,480.6,482.4,482.4,484.8,484.5,488.8,489.8,485.1,485.4,484.8,487.0,485.5,484.9,489.8,491.9,492.8,487.6,495.0,503.4,486.0,487.3,490.4,488.0,491.7,494.1,495.0,490.0,501.3,498.1,495.2,488.7,498.7,496.8,493.8,494.0,493.3,495.6,494.9,493.8,495.2,501.7,493.2,493.1,491.6,492.0,494.2,496.0,494.4,496.7,499.4,502.6,501.5,503.9,484.1,482.8,488.7,489.3,491.7,492.6,493.5,491.7,485.5,307.4,303.9,306.7,319.4,327.2,332.8,362.1,362.9,352.0,345.5,355.5,368.6,372.5,377.6,380.9,387.6,383.9,378.9,390.6,393.2,394.7,394.1,402.3,402.7,406.4,409.6,410.8,416.4,415.1,415.5,416.6,418.7,422.6,428.5,426.3,428.7,412.3,429.4,429.2,427.9,431.4,429.3,429.0,430.3,431.4
Transportation equipment manufacturing,1522.2,1538.3,1543.2,1544.3,1550.9,1563.5,1572.7,1569.3,1568.8,1571.4,1579.9,1583.5,1580.3,1588.9,1592.6,1593.8,1602.8,1601.1,1609.3,1611.9,1619.7,1620.6,1617.5,1617.5,1620.6,1623.5,1620.9,1632.7,1626.4,1626.1,1647.4,1634.2,1631.3,1632.3,1632.1,1633.2,1637.5,1629.0,1632.5,1633.6,1638.4,1639.8,1625.7,1648.8,1653.6,1652.9,1660.0,1666.1,1672.7,1678.3,1687.6,1692.3,1688.9,1700.3,1705.6,1707.4,1713.4,1723.0,1727.0,1729.7,1737.7,1738.0,1736.6,1733.7,1736.5,1735.3,1733.8,1727.7,1729.2,1684.4,1726.6,1729.1,1725.2,1728.8,1724.8,1331.8,1379.8,1563.0,1606.4,1595.2,1604.2,1596.6,1614.0,1618.6,1625.6,1638.7,1648.3,1597.8,1615.7,1620.0,1641.5,1656.8,1655.8,1681.8,1678.9,1683.8,1688.2,1665.2,1697.7,1712.3,1702.0,1705.8,1715.1,1733.2,1734.9,1744.9,1750.1,1763.2,1758.0,1761.3,1766.2,1775.8,1785.6,1793.0,1801.1,1799.6,1810.3,1784.0,1822.1,1831.3
Truck transportation,1392.3,1394.4,1401.0,1405.8,1411.6,1416.0,1420.4,1423.3,1429.5,1435.4,1435.5,1442.5,1443.9,1448.6,1443.8,1443.1,1452.2,1460.0,1461.5,1460.5,1458.0,1452.9,1455.1,1455.7,1456.3,1454.0,1449.8,1447.7,1446.7,1442.7,1441.8,1445.0,1445.2,1450.6,1452.5,1451.5,1445.1,1448.8,1452.0,1456.9,1455.7,1457.2,1458.5,1459.0,1462.3,1463.5,1462.9,1466.2,1470.6,1477.2,1486.5,1484.0,1488.3,1491.6,1492.1,1502.9,1509.5,1511.1,1515.1,1520.7,1526.0,1530.3,1531.0,1532.4,1532.8,1534.7,1534.5,1529.4,1524.6,1523.7,1520.9,1516.9,1516.1,1520.5,1516.5,1430.5,1433.6,1438.9,1443.7,1453.6,1461.0,1470.6,1481.2,1487.7,1489.7,1494.0,1503.5,1506.1,1501.8,1508.2,1514.4,1520.4,1527.1,1531.9,1541.3,1545.8,1556.6,1566.1,1562.9,1568.9,1578.2,1583.8,1587.9,1587.6,1581.9,1585.7,1584.7,1586.9,1587.0,1579.5,1577.5,1578.4,1579.7,1578.7,1574.7,1543.1,1551.1,1548.2,1550.1,1551.8
Warehousing and storage,729.0,731.8,736.9,740.8,747.8,753.7,760.3,764.8,767.0,769.0,776.0,777.6,786.4,797.7,803.8,809.6,817.4,829.1,840.8,847.1,854.5,864.6,871.6,882.1,890.9,897.4,905.3,914.4,921.8,927.5,935.9,941.9,949.3,956.4,964.5,975.2,979.0,983.1,987.4,998.9,1008.4,1020.8,1029.2,1039.7,1049.5,1062.4,1077.3,1088.2,1093.4,1106.3,1116.5,1125.3,1136.2,1138.5,1141.9,1149.1,1157.1,1166.9,1166.6,1168.0,1173.5,1178.6,1177.2,1197.7,1210.9,1224.9,1240.6,1250.0,1258.6,1262.6,1272.5,1283.8,1302.5,1321.7,1342.3,1263.3,1297.8,1379.6,1387.4,1444.0,1471.1,1507.2,1564.6,1568.3,1582.4,1599.7,1613.3,1629.2,1644.0,1672.9,1700.5,1729.8,1758.9,1796.2,1831.4,1853.0,1874.2,1920.6,1937.3,1941.4,1942.2,1940.6,1927.2,1909.7,1894.7,1885.5,1876.8,1866.3,1857.5,1849.5,1819.5,1833.8,1822.8,1812.4,1804.0,1798.0,1792.3,1775.6,1772.3,1766.9
Waste management and remediation services,380.1,381.8,383.6,384.4,384.8,387.2,388.9,389.2,389.2,388.7,388.7,389.3,391.5,393.8,392.5,394.0,395.3,398.3,396.8,396.1,399.2,399.8,400.0,400.3,399.4,399.0,400.4,402.9,400.5,403.1,404.1,405.4,405.8,406.8,409.6,411.1,410.8,411.5,411.5,411.6,412.5,413.2,413.0,416.4,418.0,419.6,421.2,423.3,425.4,426.7,430.0,434.9,437.5,438.2,440.0,440.1,440.3,441.5,441.4,442.4,444.8,446.4,447.8,449.9,449.9,451.1,452.2,453.9,453.5,454.5,456.0,456.3,456.4,458.3,455.9,436.0,440.7,440.2,441.3,442.8,445.3,447.4,448.8,450.8,451.9,451.7,452.9,452.6,452.8,453.7,454.9,456.4,458.9,465.5,464.9,467.1,465.1,468.1,473.3,472.4,473.3,477.4,480.0,482.6,484.8,487.0,488.1,487.0,490.7,495.1,496.4,499.5,499.9,500.4,501.1,502.1,502.9,501.5,505.5,508.1
Water transportation,66.4,67.2,66.5,67.1,67.3,67.5,67.5,67.9,67.3,67.2,67.9,67.9,67.2,67.1,66.8,66.7,66.1,66.1,65.6,65.0,65.3,65.2,64.7,64.4,64.7,64.8,65.7,65.9,66.1,66.5,66.5,66.6,65.3,65.0,64.8,64.8,64.7,64.6,64.7,65.0,65.3,64.9,64.8,65.1,65.4,64.9,65.0,65.2,65.0,64.0,64.0,64.7,65.1,65.5,65.0,65.0,65.0,65.4,65.1,65.6,65.7,66.0,65.7,65.9,66.4,66.2,66.5,66.5,66.7,67.4,67.7,67.3,67.8,67.4,66.9,61.7,59.2,57.8,56.8,56.7,57.1,57.0,57.0,56.6,55.8,56.4,57.8,57.9,57.3,57.1,57.9,57.4,57.5,57.2,58.7,59.8,60.0,61.6,62.4,62.7,63.5,64.9,68.4,66.0,66.5,66.1,65.5,66.5,67.0,67.4,67.9,68.2,71.2,70.8,70.3,70.9,70.9,71.8,71.0,70.9
"Web search portals, libraries, archives, and other information services",109.2,109.8,110.7,111.3,111.9,113.0,113.9,115.6,116.8,117.8,118.8,120.2,122.0,121.2,121.9,122.3,122.3,123.5,124.3,124.3,125.4,125.8,127.4,127.8,129.1,130.8,130.8,130.9,132.3,133.0,133.3,134.3,135.5,136.0,136.6,137.5,138.6,140.0,141.1,142.3,143.1,144.7,145.6,147.0,146.4,147.0,147.7,149.0,149.3,149.9,150.8,151.4,152.4,154.0,156.1,155.5,155.8,158.2,159.8,160.6,160.9,162.4,162.1,164.6,165.9,166.6,167.4,168.5,169.3,170.0,171.2,171.7,172.5,173.9,174.4,174.1,172.2,172.8,173.1,173.1,174.7,174.7,175.2,175.7,177.3,178.3,178.8,180.2,182.2,180.3,180.4,181.7,180.4,176.7,177.9,177.5,177.7,176.6,178.2,179.5,181.3,184.8,187.5,189.0,190.0,192.2,190.7,191.3,191.4,185.2,186.3,179.5,177.9,176.5,176.3,176.2,177.4,177.1,177.4,177.6
Wholesale trade agents and brokers,560.2,558.3,558.5,560.4,561.3,563.4,562.4,563.3,565.7,564.7,565.5,567.5,566.8,568.5,566.3,564.6,564.7,564.0,563.5,562.0,560.8,561.6,560.4,560.2,561.6,560.1,562.0,562.0,561.3,556.6,557.6,557.3,557.3,555.7,560.1,558.1,558.2,559.3,556.8,554.0,551.7,553.2,553.9,552.8,547.8,549.1,546.6,544.8,545.7,541.9,544.5,539.6,538.3,542.1,543.4,544.7,540.5,537.1,535.5,532.8,533.2,533.4,529.5,529.6,526.1,522.2,520.7,518.0,517.9,520.1,520.5,519.3,515.3,513.3,510.5,477.3,478.3,477.8,474.5,477.9,478.8,479.5,481.2,482.4,482.7,483.2,484.2,485.7,485.4,483.7,490.1,491.8,492.7,494.5,495.4,498.2,497.8,504.2,509.8,511.6,517.1,516.6,516.4,515.7,517.1,515.7,514.9,513.3,513.3,514.2,511.9,512.1,509.3,509.3,512.6,516.7,514.5,516.8,515.8,515.3
Wood product manufacturing,362.5,364.8,366.5,369.8,371.4,372.9,374.2,376.2,375.8,376.6,376.8,373.2,377.8,377.3,377.7,377.8,378.8,379.4,381.1,383.4,386.6,388.0,390.1,391.5,390.3,390.1,390.1,390.5,391.5,393.2,393.3,393.0,393.3,393.9,395.0,396.9,399.4,397.0,396.7,397.3,396.8,396.4,397.1,397.8,396.3,397.9,396.5,398.3,400.0,402.8,405.4,404.6,406.7,407.6,407.3,407.7,408.6,408.2,408.3,404.9,406.4,407.2,406.4,408.3,407.4,408.3,409.4,409.6,411.3,411.3,411.1,410.3,409.6,408.5,407.3,373.9,384.7,389.7,389.5,391.9,394.7,398.1,400.1,404.4,404.3,404.0,406.7,404.7,401.9,407.1,410.0,412.5,414.5,416.2,417.9,418.7,421.9,425.6,428.1,429.8,430.0,429.7,429.8,428.0,428.1,426.0,425.1,425.3,424.0,421.6,420.6,418.5,418.3,417.1,415.1,417.3,416.5,415.9,415.1,414.3
